lhs_sample_id,fixed_baseline_cap_ratio,demand_scale,PV_potential_scale,PV_capacity_factor_scale,wind_potential_scale,wind_capacity_factor_scale,grid_existing_capacity_scale,grid_carbon_factor_scale,PV_capex,wind_capex,BESS_power_capex,BESS_energy_capex,BESS_degradation_cost,TOU_price_scale,DR_fraction,experiment_id,run_id,dataset_id,spatial_resolution,temporal_mode,technology_set,grid_carbon_scenario,co2_cap_ratio,objective_name,solver_name,solver_status,objective_value,solver_objective_value,is_valid_result,invalid_reason,runtime_seconds,timestamp,git_commit,input_hash,pv_mw,wind_mw,bess_power_mw,bess_energy_mwh,ldes_power_mw,ldes_energy_mwh,grid_expansion_mw,total_grid_interface_mw,E_ref_grid_only_ton,E_lc_unconstrained_ton,E_min_techset_ton,co2_cap_ton,actual_emissions_ton,reduction_vs_grid_only,reduction_vs_unconstrained_lc,cap_violation_ton,cap_violation_ratio,pv_cost,wind_cost,bess_power_cost,bess_energy_cost,bess_degradation_cost,bess_replacement_proxy_cost,ldes_power_cost,ldes_energy_cost,grid_purchase_cost,grid_expansion_cost,demand_response_cost,ev_flexibility_cost,thermal_flexibility_cost,load_shedding_penalty,total_system_cost,pv_curtailment_mwh,wind_curtailment_mwh,pv_generation_mwh,wind_generation_mwh,bess_charge_mwh,bess_discharge_mwh,bess_throughput_mwh,bess_equivalent_full_cycles,bess_cycling_degradation_cost_yuan,bess_calendar_ageing_cost_yuan,bess_average_duration_h,bess_max_duration_h,ldes_charge_mwh,ldes_discharge_mwh,ldes_equivalent_full_cycles,grid_import_mwh,peak_grid_import_mw,DR_shifted_mwh,DR_peak_reduction_mw,thermal_shifted_mwh,thermal_peak_reduction_mw,EV_charge_mwh,EV_discharge_mwh,actual_emissions_mt,total_system_cost_billion_cny
0,0.25,1.0202452984761474,1.107467918865382,1.0342771715202272,0.9924355837124677,1.084342402005821,0.8284142314931632,1.1134828440035733,4240.852378159638,9665.193137911021,992.6728370803287,1351.9776603452428,0.11521651687113886,1.1169143292991413,0.02739317901378541,R3D_revised_uncertainty_lhs,r3d_001_lhs000_capfix0p25,xinwu_k100,k100,repday_opt,base_with_storage_degradation,baseline,0.2200654529942273,min_cost,scipy-linprog-highs,optimal,7262723984.629932,7262723984.6298895,True,,26.73006390000228,2026-06-05T09:02:39.383634+00:00,f614d91,350bbc49bf590024292baa07b4a8b6774960db124897cc8837bb74b971f1f003,5083.164297698704,475.41186755055855,3127.1352497396965,12508.540998958786,0.0,0.0,0.0,3190.4399483045013,5483854.110329384,2669274.8478170647,649174.6017901977,1206806.8389438917,1206806.838943889,0.7799345470057731,0.5478896300503426,0.0,0.0,2009683647.274024,478300631.72947854,432346849.3798578,2355351169.2792163,765391513.776585,0.0,0.0,0.0,1220454069.65189,0.0,1196103.5388812523,0.0,0.0,0.0,7262723984.629932,1104624.253214309,197770.29708002703,5160542.99522336,1183057.4862118044,2629209.826192455,2711075.043530128,5340284.869722582,270.92238852594784,615289021.7890795,150102491.98750544,4.0,4.0,0.0,0.0,0.0,1813002.161691453,1685.2009871376688,29902.58847203131,39.80101255298009,0.0,0.0,0.0,0.0,1.2068068389438888,7.2627239846299325
1,0.25,0.9468381648932956,1.1631610219520863,1.0778381564469313,1.049930227123638,1.0498350210529779,1.1183382284848509,1.0452025286758433,4252.373428442343,11993.078761598765,885.5199353095318,1332.3773359796685,0.06046678893056903,1.0659061542940838,0.07752920213021385,R3D_revised_uncertainty_lhs,r3d_002_lhs001_capfix0p25,xinwu_k100,k100,repday_opt,base_with_storage_degradation,baseline,0.2526177212080259,min_cost,scipy-linprog-highs,optimal,5693398525.358987,5693398525.358999,True,,37.49067180001293,2026-06-05T09:03:29.284013+00:00,f614d91,4cc4c896b4d3853ce8234e636ef8a7c494e522c5408aa17c047c3d428d9c61a6,4259.062341036982,463.00888164447525,2180.841212188333,8723.364848753332,0.0,0.0,0.0,4307.013115217833,4777205.784190052,2182002.4534148434,439752.5480111837,1206806.8389438917,1206806.8389438917,0.747382278791974,0.4469269101621614,2.3283064365386963e-10,1.9293116026556983e-16,1688440609.755566,550137519.242856,268968786.4576479,1618790953.7546818,421318420.0036762,0.0,0.0,0.0,1142885842.160023,0.0,2856393.98453579,0.0,0.0,0.0,5693398525.358987,847846.4736589943,134420.47704822625,4622680.120990818,1167586.871709378,2656281.564715985,2580279.652090413,5236561.216806399,369.73686427594,316638041.81863624,104680378.18503997,4.0,4.0,0.0,0.0,0.0,1931440.7952517688,2229.553885339779,71409.84961339475,135.10399965210678,0.0,0.0,0.0,0.0,1.2068068389438917,5.693398525358987
2,0.25,1.029478510530055,0.9218182446810225,0.956273901856661,1.1400556873489016,0.8976969162296972,1.1324449084309531,0.8456814431234648,5885.763473693107,9792.753937509833,754.1353658869077,1370.7407519088433,0.10264312561038769,0.9779974544572387,0.1268318215838627,R3D_revised_uncertainty_lhs,r3d_003_lhs002_capfix0p25,xinwu_k100,k100,repday_opt,base_with_storage_degradation,baseline,0.2871546844825406,min_cost,scipy-linprog-highs,optimal,7642533033.299597,7642533033.299669,True,,29.430832599988207,2026-06-05T09:04:11.795170+00:00,f614d91,46b7f6510c8b0b8fd5d7a43e04b92da5c7958621d3ecf6d5789293cbd0d005df,4638.665862833086,610.7507922257566,2808.0790687204094,11232.316274881638,0.0,0.0,0.0,4361.341630502837,4202636.781352132,2559798.928420656,719809.146655004,1206806.8389438917,1206806.8389438863,0.7128453155174606,0.5285540494821358,0.0,0.0,2545284260.5573964,620556397.8999852,294943028.5835609,2144391827.031914,618996246.3327191,0.0,0.0,0.0,1413371360.6449504,0.0,4989912.24907121,0.0,0.0,0.0,7642533033.299597,729770.7831753208,180702.3251240537,4556348.710450085,1287875.0381411356,2317859.8887019865,2399537.873249416,4717397.761951402,267.0350681158483,484208451.03413945,134787795.29857963,4.0,4.0,0.0,0.0,0.0,2387124.39488884,1915.1932170565328,124747.80622678025,185.3393460141159,0.0,0.0,0.0,0.0,1.2068068389438864,7.642533033299597
3,0.25,1.0925036201458174,0.893848587294342,0.9908941189459829,0.7823781059892887,1.0215522220652187,1.1110056688510088,1.0017003248018934,5677.443507712183,9507.240025182955,597.1240707126886,1045.5697212625528,0.04669846376172439,0.876729934321612,0.006617466155859836,R3D_revised_uncertainty_lhs,r3d_004_lhs003_capfix0p25,xinwu_k100,k100,repday_opt,base_with_storage_degradation,baseline,0.2284437552953322,min_cost,scipy-linprog-highs,optimal,8447826637.488567,8447826637.488545,True,,45.46772850002162,2026-06-05T09:05:09.318714+00:00,f614d91,d3cef5280665769b64bf13c4eb3ca4278ec2b21602ecd84745f9ffeb45f5de3f,4569.751560533059,588.3116232816687,5655.8806167206,22623.5224668824,0.0,0.0,0.0,4278.773509607764,5282730.698345116,2974193.924199822,1056505.3193483655,1206806.8389438917,1206806.838943887,0.7715562447046685,0.5942407019513475,0.0,0.0,2418721180.709449,584617135.964301,470375082.4945364,3294524324.270969,567181151.9918334,0.0,0.0,0.0,1112083021.2491107,0.0,324740.8083685923,0.0,0.0,0.0,8447826637.488567,490538.2020450729,212495.49801837865,4905579.615430246,1397301.299343445,2914169.014234654,3417921.135411966,6332090.149646619,188.84775461111957,295698882.3892446,271482269.6025888,4.0,4.0,0.0,0.0,0.0,2015320.1044275097,2533.183146518726,8118.5202092148065,10.188190915900613,0.0,0.0,0.0,0.0,1.206806838943887,8.447826637488568
4,0.25,1.019916995360033,1.1362926145577537,1.0046455197190969,1.1297362978042238,1.1384713800926252,0.9220024338514163,1.1563382842142798,4896.30232369454,10700.984034475046,801.3721733887714,1024.7430116068322,0.04557585897840559,0.9154915124109397,0.03406819084052316,R3D_revised_uncertainty_lhs,r3d_005_lhs004_capfix0p25,xinwu_k100,k100,repday_opt,base_with_storage_degradation,baseline,0.2119777453877791,min_cost,scipy-linprog-highs,optimal,6495128813.7554865,6495128813.755566,True,,28.234752300020773,2026-06-05T09:05:49.725028+00:00,f614d91,a307ce21b0e18f4cca9ab4e70a8c7d1a2f3b481e9e1f23aa0c3e47f8a26ed972,5260.201069248214,457.0583445779906,3286.5232476753195,13146.092990701278,0.0,0.0,0.0,3550.872601610797,5693082.718359103,2834276.6513510053,670273.3019386048,1206806.8389438917,1206806.8389438922,0.7880222546122208,0.5742099352338639,6.984919309616089e-10,5.787934807967094e-16,2401103977.6043587,496869434.7928816,366817850.73929685,1876251966.614639,414098223.22022855,0.0,0.0,0.0,938721702.3622514,0.0,1265658.421830787,0.0,0.0,0.0,6495128813.755487,1098909.0830139923,194382.7980624285,5198715.674749584,1199405.510194373,2766347.587068605,2858233.3441053457,5624580.931173951,271.7759324126834,256345107.3318132,157753115.88841534,4.0,4.0,0.0,0.0,0.0,1745809.8817134204,2459.495201566853,31641.46054576968,52.42434556238645,0.0,0.0,0.0,0.0,1.2068068389438922,6.495128813755487
5,0.25,0.9588164330287234,0.867787317203084,1.0322948398875165,0.8384471937667671,1.0697957066918795,1.133561699564851,1.1021006921875314,5467.963179423503,11079.495152211133,660.3821324764995,1136.7578561270302,0.11111233013073289,0.863276790595161,0.01223549347201647,R3D_revised_uncertainty_lhs,r3d_006_lhs005_capfix0p25,xinwu_k100,k100,repday_opt,base_with_storage_degradation,baseline,0.2365828588750016,min_cost,scipy-linprog-highs,optimal,6922682469.653267,6922682469.653244,True,,27.614137099997606,2026-06-05T09:06:29.367803+00:00,f614d91,6744a2db19d38756d62219f21c249086882b397d95d63546a45ae60592c779a4,4360.534013247512,458.4669483796998,3433.642413299712,13734.569653198849,0.0,0.0,0.0,4365.642685352024,5100990.176052894,3123083.943514948,793451.0230263195,1206806.8389438917,1206806.838943892,0.7634171411249984,0.6135848857185495,4.656612873077393e-10,3.8586232053113965e-16,2222826963.334414,511975792.8180487,315812906.3494362,2174515540.041855,724739077.2957944,0.0,0.0,0.0,972298188.379829,0.0,514001.43388969626,0.0,0.0,0.0,6922682469.653267,829763.3343426572,179975.33482784565,4534437.354825822,1133772.278925828,2398384.278772063,2640878.6077015693,5039262.886473632,240.3495954354944,559924241.4574082,164814835.83838618,4.0,4.0,0.0,0.0,0.0,1831726.2819043084,1905.40447988276,12850.035847242403,16.707213544046517,0.0,0.0,0.0,0.0,1.206806838943892,6.9226824696532665
6,0.25,1.0041394411939808,0.9344146687583169,0.9635029291535211,1.0172160208664622,0.824543567310381,0.9362207830116892,1.1768705303246612,4177.087772392948,11529.815322891453,900.6891122195241,1196.4354382968086,0.07272933540884052,1.0257274332527309,0.03809548961305768,R3D_revised_uncertainty_lhs,r3d_007_lhs006_capfix0p25,xinwu_k100,k100,repday_opt,base_with_storage_degradation,baseline,0.2115520813848424,min_cost,scipy-linprog-highs,optimal,8093227437.825164,8093227437.825187,True,,41.69312790001277,2026-06-05T09:07:23.460325+00:00,f614d91,825ae5e556fb02f9f6b0fd313fdcb9cc3fc1d7ed90fcd804e4e155a946256b89,4753.434546344013,603.9796206459125,4832.17852705545,19328.7141082218,0.0,0.0,0.0,3605.631184256236,5704537.771710898,2958632.9679871,964940.994957684,1206806.8389438917,1206806.838943888,0.7884479186151582,0.5921066073413843,0.0,0.0,1851064345.2813363,695748051.2539591,606174104.0451113,3220859095.632652,674016949.2735562,0.0,0.0,0.0,1043722455.6497432,0.0,1642436.6888061415,0.0,0.0,0.0,8093227437.825164,602052.0320880526,137984.88349001863,4855804.8112171525,1195963.270229753,2868514.778869309,3209808.0531740477,6078322.832043357,207.58028930444345,442072379.9748947,231944569.2986616,4.0,4.0,0.0,0.0,0.0,1715351.647583457,2150.3069874092976,41060.91722015354,53.90760310294584,0.0,0.0,0.0,0.0,1.206806838943888,8.093227437825163
7,0.25,0.9809043726300977,1.0478883793672484,1.092440131961474,1.1370008995819116,0.8149470093678791,1.0962569743016148,0.9016578937264242,6253.436327620559,9967.280875228244,709.0256530813883,1212.8354473696681,0.05954497186604062,0.8612071957873657,0.05502451704743203,R3D_revised_uncertainty_lhs,r3d_008_lhs007_capfix0p25,xinwu_k100,k100,repday_opt,base_with_storage_degradation,baseline,0.2826646743942801,min_cost,scipy-linprog-highs,optimal,6132630024.029297,6132630024.029291,True,,54.436126700020395,2026-06-05T09:08:30.245687+00:00,f614d91,fcbdf466a7a24f826c4ad90de966041eff6c61b0232e78352c5f3f3ee7408254,4024.850407997304,611.0045400787823,2082.8654348539994,8331.461739415998,0.0,0.0,0.0,4221.972428111477,4269393.90827647,2614070.68599155,479751.98778700834,1206806.8389438917,1206806.8389438875,0.7173353256057209,0.5383419257134088,0.0,0.0,2346436858.9085627,629156062.7714552,205685016.8881928,1407351502.110988,362253427.5296924,0.0,0.0,0.0,1179352398.271821,0.0,2394757.548584681,0.0,0.0,0.0,6132630024.029297,771224.1468141121,126187.04567690282,4468506.621153853,1207570.4250586089,2199441.5672571464,2205227.3483105213,4404668.915567667,330.858410157132,262275886.6567004,99977540.87299198,4.0,4.0,0.0,0.0,0.0,2238927.665615646,2090.110706753624,59868.93871461702,89.27910497960809,0.0,0.0,0.0,0.0,1.2068068389438875,6.132630024029297
8,0.25,0.9988390714013488,1.058007958565819,1.000057027850744,0.9631118266585166,0.9882777613152611,0.8337747271852037,1.058357163619257,5657.838537309519,9344.726782747704,563.0006206866138,1016.5539645004336,0.02559508708757894,0.9891088442165044,0.14562139375872168,R3D_revised_uncertainty_lhs,r3d_009_lhs008_capfix0p25,xinwu_k100,k100,repday_opt,base_with_storage_degradation,baseline,0.236489699113984,min_cost,scipy-linprog-highs,optimal,6375024719.334152,6375024719.334208,True,,44.35816089998116,2026-06-05T09:09:27.593300+00:00,f614d91,9f472acf0966f0401b39742953d9aee1660a76b29ce025d4f7b63d1742d0f8fb,4908.307471755648,513.0209042531021,3090.523677987205,12362.09471194882,0.0,0.0,0.0,3211.0846197121555,5102999.595607042,2567847.0746289697,661358.1516535741,1206806.8389438917,1206806.8389438922,0.7635103008860159,0.5300316553631743,6.984919309616089e-10,5.787934807967094e-16,2588944296.4735107,503277256.6418863,242337400.0153706,1750257713.264434,303296307.12895846,0.0,0.0,0.0,982599978.0514096,0.0,4311767.758582043,0.0,0.0,0.0,6375024719.334152,916350.7908137804,189813.0517891059,4933140.643685985,1168241.2702001254,2998572.6862464417,3055369.2306290413,6053941.916875483,308.94533873735566,154951170.58557257,148345136.54338586,4.0,4.0,0.0,0.0,0.0,1907434.345019536,2786.260401497563,107794.19396455109,194.96585440961792,0.0,0.0,0.0,0.0,1.2068068389438922,6.375024719334152
9,0.25,1.0995095869640787,1.1451585832306885,0.9314229789428762,0.7325462868481623,0.9833823076460657,1.0449924826835766,1.0129463724595547,6352.260462352916,10801.26425919237,505.8121833848068,1182.7068124805648,0.07748115553986673,1.1234812456747147,0.10842116957538679,R3D_revised_uncertainty_lhs,r3d_010_lhs009_capfix0p25,xinwu_k100,k100,repday_opt,base_with_storage_degradation,baseline,0.2244680484710635,min_cost,scipy-linprog-highs,optimal,9063415303.986862,9063415303.986801,True,,53.02852940000594,2026-06-05T09:10:33.764820+00:00,f614d91,f56ab0a7c35d16c3bb8df3e899aaf1503d7b174ea89278b73e91185c7e9ac2a2,5669.155100617576,490.8668343047473,4334.823208349742,17339.29283339897,0.0,0.0,0.0,4024.53945826388,5376296.747639176,2924207.056200574,859769.303975739,1206806.8389438917,1206806.838943888,0.7755319515289372,0.5873045869358193,0.0,0.0,3357275896.335035,537473391.2310302,305379704.8234544,2856195790.865185,691920765.1054378,0.0,0.0,0.0,1310876735.1042423,0.0,4293020.522478952,0.0,0.0,0.0,9063415303.986862,902499.9249457666,150401.90629044027,5390052.8948860895,1142570.1458950131,2945888.536698308,3298846.0408041268,6244734.577502435,237.8157858354152,483849251.1046501,208071514.0007876,4.0,4.0,0.0,0.0,0.0,1992945.3898759373,2494.394034923234,107325.5130619738,169.75514821440035,0.0,0.0,0.0,0.0,1.206806838943888,9.063415303986861
10,0.25,1.0154724726921698,1.1956138136397878,0.9252090362050569,0.8066910472034938,1.0443937715487919,0.8762965361974044,0.8818177779933994,5075.6273105886785,9487.953751705374,745.7361259808151,1386.3324489543959,0.04392035073888364,1.057924232972701,0.10473987900837475,R3D_revised_uncertainty_lhs,r3d_011_lhs010_capfix0p25,xinwu_k100,k100,repday_opt,base_with_storage_degradation,baseline,0.2791855769185469,min_cost,scipy-linprog-highs,optimal,6613055129.376456,6613055129.376481,True,,28.538229500001762,2026-06-05T09:11:15.040249+00:00,f614d91,0f459fd21d64d7b089e37a06ddb2b2fa8a582908e271c9dd2395d42f52d30f95,4946.1126829036375,492.6145147074638,2369.301502800123,9477.206011200493,0.0,0.0,0.0,3374.847231445871,4322597.364318647,2206388.146852414,546551.5350528418,1206806.8389438917,1206806.838943895,0.7208144230814524,0.4530396473233871,3.492459654808044e-09,2.8939674039835472e-15,2340421764.7697406,488777778.94667375,246084923.5665021,1829899359.0528069,351694472.63987297,0.0,0.0,0.0,1352259840.0437376,0.0,3916990.3571223314,0.0,0.0,0.0,6613055129.376456,745091.9921083495,136296.279288492,4708284.161378338,1241784.052964875,2728806.8679104005,2689364.8110964526,5418171.679006853,354.7148822023689,237968000.50546703,113726472.13440593,4.0,4.0,0.0,0.0,0.0,2289301.546832668,2592.677890326949,97924.75892805826,157.3969910927412,0.0,0.0,0.0,0.0,1.2068068389438948,6.613055129376456
11,0.25,0.9088624415513107,1.0076582702811685,1.0126462655904294,0.8778604237072537,1.0542130051732774,1.048214668473648,1.1884969607559848,4031.163047341746,11125.99866927718,699.2983646464032,1429.4658106455133,0.038121472479861765,1.0379691261796329,0.11794117328131533,R3D_revised_uncertainty_lhs,r3d_012_lhs011_capfix0p25,xinwu_k100,k100,repday_opt,base_with_storage_degradation,baseline,0.2314428617303241,min_cost,scipy-linprog-highs,optimal,5865550447.036453,5865550447.036505,True,,40.54342650002218,2026-06-05T09:12:08.699934+00:00,f614d91,30093a51e85d70d7e5339d600ab879ca14e4dbcbba15d05fe4d862a57fff9e9b,4535.903713442658,438.6878630093826,2675.36448764952,10701.45795059808,0.0,0.0,0.0,4036.9489387806175,5214275.480010508,2435216.4435967635,618317.4273326786,1206806.8389438917,1206806.8389438884,0.7685571382696764,0.5044354919181393,0.0,0.0,1704647506.6700745,491484106.4485478,260570331.7121429,2130572009.213318,330100545.39420444,0.0,0.0,0.0,944497148.735828,0.0,3678798.862337171,0.0,0.0,0.0,5865550447.036453,943264.4222307224,159942.04631989563,4530463.104252291,1078817.5905164145,2629668.169817543,2660868.550493289,5290536.720310832,310.8067801108094,201683049.9870275,128417495.40717696,4.0,4.0,0.0,0.0,0.0,1698571.279392024,2623.4188478999345,91969.97155842929,152.64973473694045,0.0,0.0,0.0,0.0,1.2068068389438884,5.865550447036453
12,0.25,1.04765220923268,1.1468043576461247,0.9355379680273036,1.165362265114102,1.0073976837192185,0.9417992177349132,1.0770012797177115,6332.781184669399,9350.671840457551,621.6808342366371,1498.374247197036,0.07989588567186244,1.0755842047272477,0.09240978430385419,R3D_revised_uncertainty_lhs,r3d_013_lhs012_capfix0p25,xinwu_k100,k100,repday_opt,base_with_storage_degradation,baseline,0.2215677978233975,min_cost,scipy-linprog-highs,optimal,8896315708.481045,8896315708.480984,True,,34.58095770000364,2026-06-05T09:12:56.100993+00:00,f614d91,6d7958c492c5312d642f544ce3fe5fb68e0c615beb150175cb260e10028a30b2,5568.881519097235,555.166199274371,3538.695599501217,14152.395804823926,0.0,0.0,0.0,3627.115195893631,5446670.729226577,3094357.376669568,726839.7758420308,1206806.8389438917,1206806.8389438924,0.7784322021766024,0.6099975885000171,9.313225746154783e-10,7.717246410622793e-16,3287780813.3231025,544880285.9891013,306401001.1076846,2953450942.1949334,610217669.7325983,0.0,0.0,0.0,1189628807.933059,0.0,3956188.200565204,0.0,0.0,0.0,8896315708.481045,1073049.401640953,232452.94293951808,5135511.970761186,1265599.5168537418,2663891.2579676146,2848143.765755847,5512035.023723461,251.56021328779548,440388920.0747112,169828749.6578871,3.999325572625891,4.0,0.0,0.0,0.0,1874414.4888239664,1870.1988920128813,98904.70501413009,137.86307148595805,0.0,0.0,0.0,0.0,1.2068068389438924,8.896315708481044
13,0.25,0.9000210201298103,0.8031393345783022,0.9687939225004807,0.7447033045757557,1.1038238991636782,0.9493592969384457,1.1466759702271696,5506.206311662747,9439.935017248432,509.29996933952776,1184.5984220892842,0.1066411648739476,1.1860004472546777,0.04633947755905265,R3D_revised_uncertainty_lhs,r3d_014_lhs013_capfix0p25,xinwu_k100,k100,repday_opt,base_with_storage_degradation,baseline,0.2422404399181302,min_cost,scipy-linprog-highs,optimal,7103972431.582002,7103972431.58205,True,,40.294394399999874,2026-06-05T09:13:48.954088+00:00,f614d91,11c292b92e85eaef5fc4c7e36d7162ac9ee0dda12f3ae9e18f5550e21667492b,4060.8501483446375,433.6618221319367,3655.555006819725,14622.220027278898,0.0,0.0,0.0,3656.231038893844,4981855.380347537,2464935.168824949,862999.9194621074,1206806.8389438917,1206806.838943886,0.7577595600818708,0.5104103125279442,0.0,0.0,2084538112.4599624,428655255.606078,259302359.46483004,2412481322.2699404,705656688.0676303,0.0,0.0,0.0,1211552599.5246823,0.0,1786094.188878687,0.0,0.0,0.0,7103972431.582002,586544.7223880213,168867.25138277272,4101696.53110604,1113327.6350256477,2339803.510711335,2631916.8223043517,4971720.333015686,224.9929232184224,530190047.7402835,175466640.32734677,4.0,4.0,0.0,0.0,0.0,1760520.71866901,2105.813619332323,44652.35472196718,59.39304408860832,0.0,0.0,0.0,0.0,1.2068068389438862,7.103972431582002
14,0.25,0.9506522438251577,1.0435750608002516,0.9872185592383442,0.7633846340989411,0.8553924497367593,1.0269700677506368,1.0175751398909616,4850.470666067283,9005.258188934324,869.6079259695047,1123.5838393421413,0.0671084006026073,0.8878888049319986,0.01341136276871337,R3D_revised_uncertainty_lhs,r3d_015_lhs014_capfix0p25,xinwu_k100,k100,repday_opt,base_with_storage_degradation,baseline,0.2584353057159451,min_cost,scipy-linprog-highs,optimal,5964958507.169755,5964958507.169726,True,,44.45579589999397,2026-06-05T09:14:45.668658+00:00,f614d91,febd9d6d5943ade7f170a0289bcf486b430bdb1f416873b36329f0d10f79212e,4510.054748557612,512.1759856420506,2588.2306007092725,10352.92240283709,0.0,0.0,0.0,3955.13042304809,4669667.078190675,2591638.975512682,615486.1037350383,1206806.8389438917,1206806.8389438896,0.7415646942840552,0.5343460835608258,0.0,0.0,2039417270.4802272,488847288.7364731,313477195.1286542,1620122815.9514751,451025978.6089926,0.0,0.0,0.0,1051478973.6015393,0.0,588984.6623933491,0.0,0.0,0.0,5964958507.169755,717696.9680875802,119903.40318441406,4588174.288622718,1053608.9937971209,2409378.03708676,2460219.611501084,4869597.648587844,297.04409969629586,326790909.7749475,124235068.83404508,4.0,4.0,0.0,0.0,0.0,1983879.837513666,2312.378325263004,14724.616559833728,18.15689833850839,0.0,0.0,0.0,0.0,1.2068068389438895,5.964958507169755
15,0.25,1.0831988424798582,1.1167419248366783,1.016847469040814,0.9493028780464794,1.1325632506152132,0.8067015881004981,1.1624787566245025,4696.105295449898,11310.049112070363,844.2107041265592,1224.3298322266292,0.09949986277403776,1.0460206528049936,0.04338913336047835,R3D_revised_uncertainty_lhs,r3d_016_lhs015_capfix0p25,xinwu_k100,k100,repday_opt,base_with_storage_degradation,baseline,0.198539452049029,min_cost,scipy-linprog-highs,optimal,8243067962.282736,8243067962.282807,True,,26.704244099993957,2026-06-05T09:15:24.584323+00:00,f614d91,27e46567f1fe6b83071f7101e17b28b2355a5ca316639537fb94b5410f50f3cf,5529.556259735998,490.4860013943637,4209.926784739341,16839.707138957365,0.0,0.0,0.0023186856860843,3106.8211964801017,6078423.338480214,3071015.8080058643,796394.6654800667,1206806.8389438917,1206806.8389438936,0.8014605479509707,0.6070333354202033,2.0954757928848267e-09,1.7363804423901284e-15,2420853471.869328,556578021.3022165,494999650.9784869,2871524071.762427,818137584.6801419,0.0,0.0,0.0,1079000400.6134572,161.7228674478649,1974599.3538125528,0.0,0.0,0.0,8243067962.282736,1253348.986426836,221391.5259655149,5447158.1766651645,1266571.5009893533,2947539.4157807627,3244037.957664627,6191577.37344539,240.80272973986249,616061099.0126535,202076485.6674884,4.0,4.0,0.0,0.0,0.0,1736588.1240244615,1780.8996963084303,49364.983845313815,66.9304163340982,0.0,0.0,0.0,0.0,1.2068068389438935,8.243067962282735
16,0.25,0.995421142848046,0.9320184995845086,1.0237799461321786,0.8909826766660509,0.8896059946465299,1.0399269966652618,0.9239469667490098,5747.172890166641,11359.70840353523,980.621601235373,1287.9048283525758,0.10151843059753145,1.1980350762462715,0.11057584103195921,R3D_revised_uncertainty_lhs,r3d_017_lhs016_capfix0p25,xinwu_k100,k100,repday_opt,base_with_storage_degradation,baseline,0.271822931290797,min_cost,scipy-linprog-highs,optimal,7482911241.944784,7482911241.944897,True,,36.806655899999896,2026-06-05T09:16:14.201895+00:00,f614d91,fb62ab66d87f9f8f75a4921018a11834ffbc71a93cebe0dc8e7ebdeb627c4733,4419.799400431728,550.3331993933291,2694.478804534217,10777.915218136868,0.0,0.0,0.0,4005.0309462948367,4439680.027042478,2260021.8130470305,689958.3205300245,1206806.8389438917,1206806.8389438947,0.7281770687092022,0.466019826898555,3.2596290111541752e-09,2.7010362437179777e-15,2368084619.309397,626627381.2689389,368006697.4444563,1933294562.990315,617193582.0589423,0.0,0.0,0.0,1565271267.6112134,0.0,4433131.261520083,0.0,0.0,0.0,7482911241.944784,759681.8570245932,157848.0897984999,4632577.337919324,1153525.6147220808,2369311.0472282334,2436305.0026830304,4805616.049911264,282.5575439885702,487858599.4412999,129334982.6176424,4.0,4.0,0.0,0.0,0.0,2184916.3164504743,2054.546034092919,110828.28153800208,156.75239969656542,0.0,0.0,0.0,0.0,1.2068068389438946,7.482911241944784
17,0.25,0.9278926422078781,1.1725000500915133,1.0617434723120927,0.7949969532727493,0.9619465563012523,0.824517801023772,0.9482156125901361,5933.895017768225,10624.364817336389,588.944170780521,1456.0325513298521,0.029693131807744636,0.8506078049616584,0.13282084418836426,R3D_revised_uncertainty_lhs,r3d_018_lhs017_capfix0p25,xinwu_k100,k100,repday_opt,base_with_storage_degradation,baseline,0.2841418368138689,min_cost,scipy-linprog-highs,optimal,5657871726.844573,5657871726.844624,True,,42.1357805999869,2026-06-05T09:17:09.091065+00:00,f614d91,70dc46988c3091101accd7d7709e68e8b348d4e5980a93bed627cf536c83e96e,3974.622811700016,479.86715344736746,1875.723178491136,7501.420426575272,0.0,0.0,0.0,3175.4337751211538,4247198.696524325,2598132.361168865,384225.483625091,1206806.8389438917,1206806.8389438917,0.7158581631861312,0.5355098697123479,0.0,0.0,2198751636.275981,518788790.890806,153858809.55683097,1521227214.2183547,227694354.0134172,0.0,0.0,0.0,1032498041.0975842,0.0,5052880.791598158,0.0,0.0,0.0,5657871726.844573,808927.723923634,110029.6821661894,4220019.790915837,1126415.952059462,2309691.0273472844,2326980.839599556,4636671.866946841,387.756702609909,137677308.89451393,90017045.11890326,3.999215082797849,4.0,0.0,0.0,0.0,2128995.53264098,2209.943991292117,126322.01978995396,173.030763388767,0.0,0.0,0.0,0.0,1.2068068389438917,5.657871726844573
18,0.25,0.9605983044789259,0.9000033627387974,0.9200553810452833,1.1123980575533006,0.8784032335220252,0.9319505019001311,0.8162971640883016,4085.6183600803324,11792.208271136493,895.7748130442455,1051.1535230192185,0.08746862814597932,1.128019445021236,0.008426415494400796,R3D_revised_uncertainty_lhs,r3d_019_lhs018_capfix0p25,xinwu_k100,k100,repday_opt,base_with_storage_degradation,baseline,0.3188231965548633,min_cost,scipy-linprog-highs,optimal,5966814497.642205,5966814497.642131,True,,41.771306100010406,2026-06-05T09:18:02.962242+00:00,f614d91,cfeaae53216f6371e130146af3ff75738fb5d83b4abe536ca0972a5a16b7a0fd,4272.719594205946,563.0646130687217,2092.2775456355007,8369.110182542003,0.0,0.0,0.0,3589.18521443719,3785191.454023401,1785696.986794218,640333.4096740253,1206806.8389438917,1206806.8389438945,0.681176803445136,0.3241816232716947,2.7939677238464355e-09,2.3151739231868377e-15,1627431002.9891806,660173975.845805,261034335.39626133,1225250620.0671992,467336845.30223787,0.0,0.0,0.0,1725225418.2618558,0.0,362299.7796649597,0.0,0.0,0.0,5966814497.642205,591581.0231528645,123094.76843558572,4093099.1296021217,1201720.1723799745,2102893.494517404,2091839.3015588024,4194732.796076207,312.4345444038942,366907523.1117338,100429322.19050404,4.0,4.0,0.0,0.0,0.0,2473053.799518604,1823.4756170559715,9057.494491623993,11.527410321639032,0.0,0.0,0.0,0.0,1.2068068389438944,5.966814497642205
19,0.25,0.9384985695556683,0.8166482895694674,1.006928751560922,0.922884075459242,1.09221151518324,0.8699079121300284,0.975057905126255,5752.4898329458065,11668.532251901957,616.078245877763,1249.4481219569009,0.05429556322638558,1.0614482422622773,0.07279310258829316,R3D_revised_uncertainty_lhs,r3d_020_lhs019_capfix0p25,xinwu_k100,k100,repday_opt,base_with_storage_degradation,baseline,0.2731970416293739,min_cost,scipy-linprog-highs,optimal,6597534015.561794,6597534015.561808,True,,37.43693090000306,2026-06-05T09:18:52.894517+00:00,f614d91,7dc9c60d1aa356ad556b83dc82e58e4cf6c1a3b53539971a2c37f3e7270b6216,4099.498589333425,459.5191989686538,2788.236407296294,11152.945629185177,0.0,0.0,0.0,3350.242968669605,4417349.586753857,2243354.2201674,722174.5451582107,1206806.8389438917,1206806.8389438917,0.726802958370626,0.46205248012334,0.0,0.0,2198502670.172821,534324781.7288184,239246152.74750915,1940829160.8147411,384292502.3825135,0.0,0.0,0.0,1297553209.593106,0.0,2785538.122284436,0.0,0.0,0.0,6597534015.561794,697136.3228266283,171498.33280709255,4222025.004441453,1172855.1280797038,2249875.202709172,2362972.3293812345,4612847.532090407,264.8372465832902,250457154.83229136,133835347.55022211,4.0,4.0,0.0,0.0,0.0,2070386.5817317115,2195.443228129789,69638.45305711089,97.2840904075378,0.0,0.0,0.0,0.0,1.2068068389438917,6.597534015561794
20,0.25,1.0346859852112638,1.0031652235315904,1.021137762385039,0.9371314440313373,0.9396482851318847,0.9128982686966692,1.1092838645807894,4306.5331376687955,9740.493534552672,651.8221509101742,1062.3326689976095,0.07122315309459613,1.148443020380487,0.09617962013718934,R3D_revised_uncertainty_lhs,r3d_021_lhs020_capfix0p25,xinwu_k100,k100,repday_opt,base_with_storage_degradation,baseline,0.2178154856965599,min_cost,scipy-linprog-highs,optimal,7046756772.009183,7046756772.009246,True,,40.56277940000291,2026-06-05T09:19:46.020001+00:00,f614d91,8cfdc8b1986d6930cfdec8c02f430a3230807f1e8f3718bed1d2a701badf45f5,5021.826752798938,536.1891306113604,3925.231028632811,15700.924114531244,0.0,0.0,0.0,3515.810079624287,5540500.644775556,2448930.848493617,808911.1566105592,1206806.8389438917,1206806.8389438917,0.78218451430344,0.5072107325177351,0.0,0.0,2016182847.4440503,542605621.7427859,356347596.1577967,2323085782.762008,605689464.9747344,0.0,0.0,0.0,1199180729.136815,0.0,3664729.790992151,0.0,0.0,0.0,7046756772.009183,999466.0404002954,177718.35763892357,5111468.697885115,1171823.5918506093,2803413.7112173014,3055332.4614794445,5858746.172696746,243.2446363659995,417278375.6003595,188411089.37437493,4.0,4.0,0.0,0.0,0.0,1819864.930558362,2580.856582871205,91618.24477480377,141.7110506074096,0.0,0.0,0.0,0.0,1.2068068389438917,7.046756772009183
21,0.25,0.9894105622198132,1.0896227496090747,0.9138680216283227,1.0812309297957912,1.035072197992124,1.0715882193153052,1.0300691348436366,4430.601691237967,11171.191481981934,988.0896610290755,1226.8304100447187,0.10470047345577212,1.012501895440992,0.11335748281730954,R3D_revised_uncertainty_lhs,r3d_022_lhs021_capfix0p25,xinwu_k100,k100,repday_opt,base_with_storage_degradation,baseline,0.2452997382642138,min_cost,scipy-linprog-highs,optimal,6934817631.170343,6934817631.170381,True,,35.80639519999386,2026-06-05T09:20:34.708235+00:00,f614d91,42d11b1bf1ece5e32e4c401a3cc972fa9d6edc14162f68536e4869f0684c7b02,5281.446469702411,489.1469626468746,2870.2062716465,11480.825086586,0.0,0.0,0.0,4126.96659842963,4919723.304572108,2631474.257825524,670092.2254447804,1206806.8389438917,1206806.838943893,0.7547002617357859,0.5413951569713935,1.6298145055770872e-09,1.3505181218589888e-15,2181503869.3749685,549745251.1580955,394992599.9233524,1961720489.3082528,644882699.2702968,0.0,0.0,0.0,1197543202.4711003,0.0,4429519.664275651,0.0,0.0,0.0,6934817631.170343,970963.1910403604,188494.1958525415,4780759.5863665845,1167672.4599445935,2381116.6995657594,2462345.6219822024,4843462.321547962,268.093277640294,507112798.2312648,137769901.039032,4.0,4.0,0.0,0.0,0.0,1959816.8073362133,1787.1771464033536,110737.99160689129,159.72533909687812,0.0,0.0,0.0,0.0,1.206806838943893,6.934817631170343
22,0.25,0.9120033440638351,1.1813051002438668,0.9081049282408552,0.8123533647016127,0.8030388849409458,1.0550475008047793,1.122181074624521,6173.403794507386,10763.467552110986,570.1972836499796,1437.9115084885184,0.013564161307335634,0.9021265095293179,0.14858336078415887,R3D_revised_uncertainty_lhs,r3d_023_lhs022_capfix0p25,xinwu_k100,k100,repday_opt,base_with_storage_degradation,baseline,0.2442759104442253,min_cost,scipy-linprog-highs,optimal,6681807561.673049,6681807561.673005,True,,34.37281279999297,2026-06-05T09:21:21.735750+00:00,f614d91,b15c7967b5fc6a5d3bbfc8d5c24b66a58077d2b1c181bc948615777908e6dd06,4748.519936027216,530.1764672361635,2524.7405626809327,10098.96225072373,0.0,0.0,0.0,4063.263963801392,4940343.2239767965,3138520.174985719,560836.0224097234,1206806.8389438917,1206806.838943893,0.7557240895557743,0.6154853970472296,1.862645149230957e-09,1.5434492821245586e-15,2732897520.2569,578947794.4769144,200503240.8506513,2022499410.469838,185733987.27998435,0.0,0.0,0.0,957698295.8344966,0.0,3527312.5042642243,0.0,0.0,0.0,6681807561.673049,642601.8485029248,105793.75882929354,4496129.115282927,1034613.7800807932,2361939.247590485,2396662.3945465945,4758601.64213708,296.6471127237405,64546440.27129959,121187547.00868475,4.0,4.0,0.0,0.0,0.0,1798949.2505568238,2332.9512874554666,88182.8126066056,179.47000965751522,0.0,0.0,0.0,0.0,1.206806838943893,6.681807561673049
23,0.25,1.0114416151729997,1.083480803339522,0.9995014363999789,1.052042033680995,1.1584927464152228,1.143275828428669,0.869011072795537,6105.619172792056,10560.307880203369,940.1367507579785,1340.5576269499447,0.06825791079708844,1.019000146551141,0.06369750070528209,R3D_revised_uncertainty_lhs,r3d_024_lhs023_capfix0p25,xinwu_k100,k100,repday_opt,base_with_storage_degradation,baseline,0.2844290111665785,min_cost,scipy-linprog-highs,optimal,6842761709.002939,6842761709.002887,True,,26.817608299985295,2026-06-05T09:22:00.936024+00:00,f614d91,ea7ff44cba14688be60e3c9ea83125a7fc0be698262c0e7803848164c899fa45,4433.766551661778,489.8529962063562,2193.6187507986097,8774.475003194439,0.0,0.0,0.0,4403.054337170513,4242910.503377286,2318165.751934768,531292.5174524174,1206806.8389438917,1206806.838943888,0.7155709888334223,0.4794130497628683,0.0,0.0,2523730239.8927727,527129941.58000326,287231241.2003967,1638272435.490038,411688000.2037215,0.0,0.0,0.0,1451928531.394813,0.0,2781319.2411941118,0.0,0.0,0.0,6842761709.002939,773563.1139499871,164241.70417550395,4507457.078412184,1355823.2459262777,2253857.567027464,2234915.918528112,4488773.485555575,318.3831394064128,306394300.1653882,105293700.03833328,4.0,4.0,0.0,0.0,0.0,2323039.2182353702,2045.9721426751785,69532.98102985277,92.09676464302152,0.0,0.0,0.0,0.0,1.206806838943888,6.842761709002939
24,0.25,0.9645125987877211,1.0795635377994288,0.9416659276934027,1.2941746421418534,0.932191786959355,1.0120409380109399,0.9922860096154134,5987.17580192873,11806.680275497736,765.4339739023771,1317.1323167335377,0.015446635988623862,0.8921906208413114,0.14036480882295005,R3D_revised_uncertainty_lhs,r3d_025_lhs024_capfix0p25,xinwu_k100,k100,repday_opt,base_with_storage_degradation,baseline,0.2612132730487176,min_cost,scipy-linprog-highs,optimal,6623276501.844658,6623276501.844572,True,,52.08655929999077,2026-06-05T09:23:05.899413+00:00,f614d91,fa35d4b8f0751395e078cf92c582796bf986192d15cfa68f70cda2b3e358a529,4547.534484752893,560.8445287081183,2554.124075877356,10216.496303509422,0.0,0.0,0.0,3897.634438425638,4620005.809271474,2771635.029206166,588577.9773227496,1206806.8389438917,1206806.838943891,0.7387867269512824,0.5645866695192054,0.0,0.0,2538273455.045676,658205933.5998131,272288450.5672695,1874178204.487138,195664273.68880463,0.0,0.0,0.0,1081148424.834942,0.0,3517759.621015372,0.0,0.0,0.0,6623276501.844658,618181.653946614,147138.9624410358,4484922.594955245,1253256.8942878346,2357217.303849555,2373024.161056039,4730241.464905594,290.34221842777106,73066318.0466916,122597955.64211306,4.0,4.0,0.0,0.0,0.0,2034440.4573105369,2574.0469349557297,87943.9905253843,185.19764351056003,0.0,0.0,0.0,0.0,1.206806838943891,6.623276501844658
25,0.25,1.0869531632094838,0.8484883594351976,1.0451732405755272,1.0937691179146967,0.9168461586022768,1.150709947363087,0.9358781221567118,5427.241152927026,11588.265436425187,601.9906504042358,1129.3685335783016,0.0016028808282170287,0.9323387174556754,0.12391043818651441,R3D_revised_uncertainty_lhs,r3d_026_lhs025_capfix0p25,xinwu_k100,k100,repday_opt,base_with_storage_degradation,baseline,0.2457592558382257,min_cost,scipy-linprog-highs,optimal,7734239448.47006,7734239448.470085,True,,34.73200379998889,2026-06-05T09:23:52.940992+00:00,f614d91,903592a357fd8417a462e0ccff1cb0d930be4a7df1a78757d3bc7261dc0db692,4302.987336291306,627.881559305158,4815.351675240363,19261.40670096145,0.0,0.0,0.0,4431.685074218648,4910524.467645231,2623927.4613058395,912323.249638149,1206806.8389438917,1206806.8389438896,0.7542407441617747,0.5400761428277812,0.0,0.0,2177156175.291829,726152542.1328635,403735791.3303695,3029724785.9359527,241116323.39358535,0.0,0.0,0.0,1152543697.124167,0.0,3810133.261293004,0.0,0.0,0.0,7734239448.47006,572272.785489145,141260.85432716671,4787173.624400167,1400713.8712262916,2896879.100594497,3329062.8449141043,6225941.945508601,216.04489333247471,9979442.982047966,231136880.4115374,4.0,4.0,0.0,0.0,0.0,2157061.6465877704,3300.4175822057164,95253.33153232509,191.49082479499265,0.0,0.0,0.0,0.0,1.2068068389438895,7.734239448470061
26,0.25,0.9737313843172397,0.8646489530580754,0.9034529878743855,1.1028028303872752,0.8633529824358357,1.1053660630280797,0.9615846077694803,5292.9188895428415,10105.1819399325,943.3300813018009,1264.454608459965,0.008938076843100416,0.9400361229099174,0.09468879760969202,R3D_revised_uncertainty_lhs,r3d_027_lhs026_capfix0p25,xinwu_k100,k100,repday_opt,base_with_storage_degradation,baseline,0.2670012725942371,min_cost,scipy-linprog-highs,optimal,7304681520.923192,7304681520.923217,True,,39.789732800010825,2026-06-05T09:24:45.339965+00:00,f614d91,20fbc3a664c31d47c83c0d85b83c0381e0e058f5d6f0b860caf4689e699e0af4,4387.531720929229,612.9349959541267,3733.833460740391,14935.333842961563,0.0,0.0,0.0,4257.053912060855,4519854.258439736,2513852.111558773,841773.9402116204,1206806.8389438917,1206806.838943889,0.7329987274057634,0.5199372177086504,0.0,0.0,2164990048.676277,637755933.5215827,490566764.92176986,2630253901.39838,226048507.77282912,0.0,0.0,0.0,1152191751.766785,0.0,2874612.865569067,0.0,0.0,0.0,7304681520.923192,610745.9242479334,159877.0361476316,4113009.575626543,1257566.8316902872,2422935.34726674,2815831.6133726374,5238766.960639378,235.6686200472536,46824501.65729037,179224006.11553875,4.0,4.0,0.0,0.0,0.0,2099395.920934684,3047.851826461217,71865.32163922668,131.2955965631016,0.0,0.0,0.0,0.0,1.2068068389438888,7.304681520923192
27,0.25,1.0853940732314187,0.9615182627545154,1.0291607410969257,0.8237163030833261,1.0146147402482475,0.9820877401917784,1.1410790877064538,6127.29412438974,10973.471721307938,910.3278956761544,1041.3622802245657,0.022275556905391482,0.884674637015185,0.10531143730396535,R3D_revised_uncertainty_lhs,r3d_028_lhs027_capfix0p25,xinwu_k100,k100,repday_opt,base_with_storage_degradation,baseline,0.2018537565158673,min_cost,scipy-linprog-highs,optimal,8764165278.54622,8764165278.546173,True,,38.92280259999097,2026-06-05T09:25:37.053009+00:00,f614d91,a09927ab8605c5c71015b9551fce170d5c4ccb0c3ef692ddfd76c15425303181,4929.201904420087,633.2721946723307,5467.121257486128,21868.485029944517,0.0,0.0,0.0,3782.276836795024,5978619.668884024,3388394.5032480382,1008963.1759728296,1206806.8389438917,1206806.8389438854,0.7981462434841337,0.6438411059317126,0.0,0.0,2815695792.9383245,701930730.1963698,693164085.614974,3171757939.9437647,401152057.2408436,0.0,0.0,0.0,976433929.0770617,0.0,4030743.53488282,0.0,0.0,0.0,8764165278.54622,894346.587664792,321264.48421168805,5151002.738941474,1399790.1003922315,2891659.5806265306,3336253.708846908,6227913.289473439,190.69986468418915,138730236.88150942,262421820.35933417,4.0,4.0,0.0,0.0,0.0,1769155.9024558594,2042.230079122722,100768.5883720705,154.7983123464514,0.0,0.0,0.0,0.0,1.2068068389438853,8.764165278546221
28,0.25,0.953515540389322,0.9834314091802343,0.9500115662577228,0.9512375785513856,0.8831011317761341,1.1698138557142599,0.9180184962175111,4945.017663354026,10537.115184623377,703.2909719341702,1475.8019545237216,0.08995866330733467,0.9905886865210534,0.058988734585733366,R3D_revised_uncertainty_lhs,r3d_029_lhs028_capfix0p25,xinwu_k100,k100,repday_opt,base_with_storage_degradation,baseline,0.2856017121705183,min_cost,scipy-linprog-highs,optimal,6571890523.896998,6571890523.896978,True,,51.08904910000274,2026-06-05T09:26:40.534189+00:00,f614d91,284c0097426880a31c9974839874ca14553b0890f5d5361f3f1e1960f9b10281,4334.060759438728,559.8182281038676,2325.1790477380123,9300.71619095205,0.0,0.0,0.0,4505.259223545454,4225488.81017691,2355303.469421043,622185.8775893138,1206806.8389438917,1206806.8389438952,0.7143982878294808,0.4876215083907891,3.725290298461914e-09,3.086898564249117e-15,1998035678.19572,601403731.9491552,227756582.9985565,1911718612.9690616,504114304.4552243,0.0,0.0,0.0,1326320744.060551,0.0,2540869.268729929,0.0,0.0,0.0,6571890523.896998,608892.4659621633,137654.65004295108,4297761.949778864,1186566.542866849,2173453.8106546444,2189724.7397295875,4363178.550384232,294.29517775467144,392505710.1637997,111608594.2914246,4.0,4.0,0.0,0.0,0.0,2199026.284876208,1777.0675589051498,63521.731718248215,80.10210411613171,0.0,0.0,0.0,0.0,1.2068068389438953,6.5718905238969985
29,0.25,1.0670065788818108,0.9587357203442419,0.962627941219338,0.9705122896369145,0.8503361978411733,0.9610382295992956,0.8883402690515578,5548.169277472221,9229.654399303887,964.1112367355345,1200.6924445998088,0.05605066775939269,1.1408728743790313,0.08103483822239428,R3D_revised_uncertainty_lhs,r3d_030_lhs029_capfix0p25,xinwu_k100,k100,repday_opt,base_with_storage_degradation,baseline,0.2637506619429078,min_cost,scipy-linprog-highs,optimal,8101089376.223056,8101089376.223108,True,,36.40573659999063,2026-06-05T09:27:29.445225+00:00,f614d91,d8d873e7af4d92d84137b22b9a254a9edee5ec1ead3e3dca0b46a6717e391a37,4847.948222248442,610.2525762285925,3736.8157461586,14947.2629846344,0.0,0.0,0.0,3701.209664197724,4575559.469894791,2290976.422798892,830670.779767127,1206806.8389438917,1206806.8389438884,0.7362493380570929,0.4732347190768862,0.0,0.0,2507541170.422442,593168905.5755464,501774196.44284624,2499614001.405239,496319816.7924461,0.0,0.0,0.0,1499393397.8808885,0.0,3277887.703648769,0.0,0.0,0.0,8101089376.223056,755046.9760973457,158356.35518427187,4806274.734758364,1231606.9842315372,2674531.2619298613,2980221.36898273,5654752.630912591,249.22801686555928,316952660.97683334,179367155.8156128,4.0,4.0,0.0,0.0,0.0,2272492.7299987795,2957.955063942399,81947.1925912192,123.12731019495884,0.0,0.0,0.0,0.0,1.2068068389438884,8.101089376223056
30,0.25,1.0309843590036198,1.1012560337193664,1.056887957138873,1.1935595040696299,0.8364330833122788,1.0813645316094935,1.0218940143298239,4607.436945197184,9599.155901581582,974.0820035211652,1174.9760991658309,0.004755531860640022,1.0511406693504834,0.1389404941032501,R3D_revised_uncertainty_lhs,r3d_031_lhs030_capfix0p25,xinwu_k100,k100,repday_opt,base_with_storage_degradation,baseline,0.2372914328293155,min_cost,scipy-linprog-highs,optimal,6315938033.172623,6315938033.172661,True,,39.43268719999469,2026-06-05T09:28:21.591725+00:00,f614d91,15a6d49c576a1b5ee82a529c1927c1bd764f7dcd67175b111208e102c0ca6fe0,4852.356146254917,609.9816867135393,2977.2472286425536,11908.988914570216,0.0,0.0,0.0,4164.617734907885,5085758.152136707,2325094.2193837306,600842.766192075,1206806.8389438917,1206806.838943893,0.7627085671706841,0.4809643287213716,1.6298145055770872e-09,1.3505181218589888e-15,2084262745.157684,610537052.9510676,403914937.6003547,1948872460.679488,172217506.8077802,0.0,0.0,0.0,1092359917.0829067,0.0,3773412.893340832,0.0,0.0,0.0,6315938033.172623,969339.8423870902,172937.6279593612,5142095.214589235,1193692.705452489,3074685.035785005,3088587.694132739,6163272.729917743,324.1865993293902,29309639.832937635,142907866.97484258,4.0,4.0,0.0,0.0,0.0,1975495.2811899604,2958.7547542612697,94335.3223335208,196.98649893743504,0.0,0.0,0.0,0.0,1.206806838943893,6.315938033172623
31,0.25,0.9729672237669313,0.8256030794755661,1.0989814884532554,1.0754917246066527,0.9251205125380735,0.857131619047654,0.8603262219915258,5793.995952485891,9641.57643299545,724.0263573460775,1073.8292850526734,0.09739696271305118,0.9539872437885296,0.09985175464601374,R3D_revised_uncertainty_lhs,r3d_032_lhs031_capfix0p25,xinwu_k100,k100,repday_opt,base_with_storage_degradation,baseline,0.2986610898103239,min_cost,scipy-linprog-highs,optimal,6033351950.975631,6033351950.975655,True,,28.504493099986576,2026-06-05T09:29:02.905952+00:00,f614d91,8e5db37b97a6da8fa6bf7699bb7b0baa8baa2c77568d08a776dafded4b26b74b,3724.583415009274,567.7998379170516,2227.229306149688,8908.917224598752,0.0,0.0,0.0,3301.038121273656,4040723.3486970793,2206270.1881144783,617116.4780151303,1206806.8389438917,1206806.838943892,0.7013389101896759,0.4530104039635995,4.656612873077393e-10,3.8586232053113965e-16,2011853203.6851904,570200996.8548214,224594338.31164643,1332415458.575875,518617432.2829505,0.0,0.0,0.0,1371459499.5795922,0.0,4211021.685555436,0.0,0.0,0.0,6033351950.975631,633148.6369895035,144632.94908252018,4244715.108705884,1262375.2629784965,2112010.384536193,2115127.855911179,4227138.240447372,296.7711735595402,411710425.5877655,106907006.69518504,4.0,4.0,0.0,0.0,0.0,2346489.9146183585,1829.3902072676417,105275.54213888588,138.35695005995655,0.0,0.0,0.0,0.0,1.206806838943892,6.03335195097563
32,0.25,1.0728768710949783,1.0375227121948092,0.9283651690110905,0.705718614097808,1.1878127055947787,1.0611069973168699,1.1362124275890992,5103.942917436946,10313.056025438347,670.6928724107906,1342.9210886570681,0.09182621210913362,1.019376723709037,0.027844169402495962,R3D_revised_uncertainty_lhs,r3d_033_lhs032_capfix0p25,xinwu_k100,k100,repday_opt,base_with_storage_degradation,baseline,0.2050834272964097,min_cost,scipy-linprog-highs,optimal,9581325856.406881,9581325856.40691,True,,46.148419300006935,2026-06-05T09:30:01.293010+00:00,f614d91,6d7729b48fd9d44ae5045a2fe850fe28d844dcb395e59e00c3ee862d66dcaa1a,5294.3040240108285,625.2418176160842,5248.34857850569,20992.485572960017,0.0,0.0,0.0,4086.6006702506993,5884467.871700224,3181182.6358051696,1012315.3651294566,1206806.8389438917,1206806.8389438936,0.79491657270359,0.6206420765155327,2.0954757928848267e-09,1.7363804423901284e-15,2519156113.9037013,660728372.1001376,490259319.43707377,3926393774.481892,803116336.9604461,0.0,0.0,0.0,1180421768.3073163,0.0,1250171.2163135554,0.0,0.0,0.0,9581325856.40688,902566.9174629328,541555.5681430878,4954622.885197355,1447738.7435813523,2759170.985880949,3243543.243797042,6002714.229677992,193.13716046892168,551206510.0849259,251909826.87552017,3.9998268519994142,4.0,0.0,0.0,0.0,1776733.605588492,1834.8125358251027,31254.28040783888,40.44710219455831,0.0,0.0,0.0,0.0,1.2068068389438935,9.58132585640688
33,0.25,1.0588628775049167,0.8313584199143919,1.0723253340023693,1.2254931299772467,1.118324020173704,0.8853388290100929,1.1327162511063695,6044.973440160369,9885.12628393347,785.1382206121053,1469.1636719200492,0.0339362408482111,1.0336483736807969,0.015632858510750806,R3D_revised_uncertainty_lhs,r3d_034_lhs033_capfix0p25,xinwu_k100,k100,repday_opt,base_with_storage_degradation,baseline,0.2084390739849243,min_cost,scipy-linprog-highs,optimal,9731819867.948029,9731819867.948195,True,,36.21830430001137,2026-06-05T09:30:49.636810+00:00,f614d91,04d7f67218828202f58c6e2de6b87152848945363e45009a4dc9e4bf57dcb4af,4245.026113003587,795.8853026599135,5328.10179111347,21312.40716445388,0.0,0.0,0.0,3409.6714668550944,5789734.21764086,3023777.517862666,948660.9385355162,1206806.8389438917,1206806.83894389,0.7915609260150759,0.6008943013119192,0.0,0.0,2392297351.7875767,814414299.0840611,582637089.972194,4360960778.76845,455436709.8217905,0.0,0.0,0.0,1125381705.1264005,0.0,691933.3875565474,0.0,0.0,0.0,9731819867.948029,964538.3648726228,622779.0935418756,4460071.573380583,1761302.942193359,2668746.632191266,3215459.127117817,5884205.759309083,188.590799616523,199687823.8483439,255748885.9734466,4.0,4.0,0.0,0.0,0.0,1782217.5687980435,2050.9890422086733,17298.334688913685,23.32709111233744,0.0,0.0,0.0,0.0,1.20680683894389,9.731819867948028
34,0.25,1.061154055246214,0.8409688142138041,1.036918468010743,0.7540549212069223,1.1663703378942087,1.1915168214223548,0.8300555858825055,5035.239464898369,10357.6623605734,538.257665343494,1409.4746308983763,0.03020830036439485,1.1724620314003213,0.08997594282877293,R3D_revised_uncertainty_lhs,r3d_035_lhs034_capfix0p25,xinwu_k100,k100,repday_opt,base_with_storage_degradation,baseline,0.2838274617981137,min_cost,scipy-linprog-highs,optimal,7449336180.545995,7449336180.545948,True,,34.68926690000808,2026-06-05T09:31:36.960545+00:00,f614d91,78cd0dd2fea60469b6db063af9bf6e6dfcb20302ffd7594821bcb14e417fed2c,4261.011583120605,465.5198673486236,3468.293700915921,13828.296720419872,0.0,0.0,0.0,4588.843022760232,4251903.009308847,2027394.2321716803,808316.460436,1206806.8389438917,1206806.8389438922,0.7161725382018861,0.4047497917308372,6.984919309616089e-10,5.787934807967094e-16,2000199160.2760973,493565546.933603,260007326.4846072,2714597522.9233828,327236492.3935679,0.0,0.0,0.0,1650498250.6441925,0.0,3231880.890543827,0.0,0.0,0.0,7449336180.545995,692108.6803194932,163403.21305843486,4573140.2314481335,1290976.2868358437,2533432.062222943,2806058.402412493,5339490.464635436,253.65184692891916,161296931.74852946,165939560.6450385,3.987060472060956,4.0,0.0,0.0,0.0,2432062.186580581,2842.855978076074,80797.02226359567,135.9622006238704,0.0,0.0,0.0,0.0,1.2068068389438922,7.449336180545995
35,0.25,0.9847186427159138,1.159345239395118,1.088829410701563,1.1776084057795277,1.0983740318958801,1.0795451373902842,0.8225395641505157,4355.366037123258,11722.794069087662,798.701870337607,1271.2917013611557,0.06372530682583222,0.9034006531954927,0.041433014564908686,R3D_revised_uncertainty_lhs,r3d_036_lhs035_capfix0p25,xinwu_k100,k100,repday_opt,base_with_storage_degradation,baseline,0.3086533973312527,min_cost,scipy-linprog-highs,optimal,5262635303.97104,5262635303.971028,True,,54.040617199992994,2026-06-05T09:32:43.553931+00:00,f614d91,3d06872b06260573d9f6d4158d9b86253c4042f7e169e3b3c2cabdfb6894e90a,4015.664890622357,472.4133425297509,1708.5681871916536,6832.611359038941,0.0,0.0,0.0,4157.61077175104,3909909.462777509,2006389.5423178184,379181.74208481074,1206806.8389438917,1206806.83894389,0.6913466026687476,0.3985181773078001,0.0,0.0,1630506446.0999916,551323239.811013,190062532.7665814,1209793998.8673556,362759395.9218775,0.0,0.0,0.0,1315874102.4864645,0.0,2315588.017756381,0.0,0.0,0.0,5262635303.97104,968815.2220535596,149704.26344214552,4241678.650056988,1240169.8591242102,2195227.5245780405,2210683.93506825,4405911.459646292,404.4361333649745,280768059.61341023,81991336.3084673,3.999027612863141,4.000000000000002,0.0,0.0,0.0,2454285.3513310384,2052.727732698378,57889.700443909525,72.3673930373747,0.0,0.0,0.0,0.0,1.20680683894389,5.26263530397104
36,0.25,1.0766611460782238,0.9667631579056611,0.9581320527916716,0.9832836872927302,1.181162137990178,0.800664963938637,1.0890889730011177,6493.890478956647,10200.645913460381,851.1894335608897,1091.92169040152,0.11603576060298104,1.1782096709915095,0.004869667222169011,R3D_revised_uncertainty_lhs,r3d_037_lhs036_capfix0p25,xinwu_k100,k100,repday_opt,base_with_storage_degradation,baseline,0.2132051160156197,min_cost,scipy-linprog-highs,optimal,9706356456.032661,9706356456.03272,True,,40.29721539997263,2026-06-05T09:33:36.296524+00:00,f614d91,71bc90ea2993ec8f69ec8cb12b6ef440711fe20f495cfdb562b02c09fc60c6af,4888.91624702607,606.8640260244301,5273.2318206826185,21092.927282730478,0.0,0.0,1.580297551563193,3085.150556301629,5660309.008980248,2945610.287523873,945713.0954571228,1206806.8389438917,1206806.838943896,0.7867948839843795,0.5903032916284533,4.6566128730773926e-09,3.8586232053113955e-15,2959769929.667762,635971077.7448289,625147621.3968799,3207804141.3202763,983918249.1841786,0.0,0.0,0.0,1293404967.0409172,110222.03353971196,230247.6442786721,0.0,0.0,0.0,9706356456.03266,762224.9592163345,349074.5624774367,4819899.934461883,1570937.5505405285,2924254.333065762,3373830.9985060478,6298085.33157181,199.93852401820976,730803121.791413,253115127.3927657,4.0,4.0,0.0,0.0,0.0,1853610.5435187125,1988.2478370422325,5756.191106966803,7.466642973971251,0.0,0.0,0.0,0.0,1.206806838943896,9.70635645603266
37,0.25,1.0397623402991092,1.027059362724666,1.0522369096761481,1.2087574494527469,0.8095747632969708,1.1749568512391597,0.9949561926132731,5359.122004088028,9063.996220890438,864.924397926577,1441.7357533910654,0.06558215636954519,1.1087294822465616,0.00047350024379706724,R3D_revised_uncertainty_lhs,r3d_038_lhs037_capfix0p25,xinwu_k100,k100,repday_opt,base_with_storage_degradation,baseline,0.2416584303139529,min_cost,scipy-linprog-highs,optimal,7720297025.065415,7720297025.065385,True,,25.587896499986527,2026-06-05T09:34:13.960668+00:00,f614d91,2a0f241d189316c6d3780fc09a81c74bf862539eeca7b325a5b9e776ca2c44e5,4851.265063065997,646.2732780712362,3067.3675624291777,12269.47024971671,0.0,0.0,0.0,4525.066244903617,4993853.669313569,2500123.5466069225,666058.7338825045,1206806.8389438917,1206806.8389438908,0.7583415696860472,0.5173011187460214,0.0,0.0,2423756823.5656543,619806240.5751255,369507675.17612886,2463717882.075796,503853908.8883279,0.0,0.0,0.0,1339632022.5801497,0.0,22472.20423398724,0.0,0.0,0.0,7720297025.065415,998873.8719673448,193722.1406724689,5084298.44143116,1207723.374643794,2681349.0755198444,2756414.572906536,5437763.64842638,280.8204548368927,356620265.8917274,147233642.9966005,4.0,4.0,0.0,0.0,0.0,2028980.5904745904,2277.416580806984,561.805105849681,0.7011345664641723,0.0,0.0,0.0,0.0,1.2068068389438908,7.720297025065415
38,0.25,0.9331770650300586,1.0261514714784516,0.9811311137692483,0.8484515453312157,1.0271923812704329,1.0186546318319591,1.037217973781815,4460.81213936479,10271.881281379472,827.3769682051718,1145.929948348103,0.07575700714880819,1.1562837664778909,0.05498544301556686,R3D_revised_uncertainty_lhs,r3d_039_lhs038_capfix0p25,xinwu_k100,k100,repday_opt,base_with_storage_degradation,baseline,0.2582890073947818,min_cost,scipy-linprog-highs,optimal,5979098511.756137,5979098511.756124,True,,41.83052970000426,2026-06-05T09:35:08.410338+00:00,f614d91,b3f43a17aba5c1ce65b45745b4553f04a6a675b86bb449e78864a6e434e63465,4371.076020113411,476.9470755579781,2454.04309552155,9816.1723820862,0.0,0.0,0.0,3923.105503709491,4672312.039588071,2137096.4232014585,592078.3787983522,1206806.8389438917,1206806.8389438938,0.7417109926052177,0.4353053863914818,2.3283064365386963e-09,1.9293116026556978e-15,1817785730.617572,502480705.5347125,282790689.9792083,1566677987.0084033,466322215.8906464,0.0,0.0,0.0,1341005396.9425178,0.0,2035785.78307634,0.0,0.0,0.0,5979098511.756137,705302.2219522484,149917.4766377934,4405357.794014277,1162358.0731872425,2289619.141993996,2310986.9329134263,4600606.074907422,294.2831027920324,348528147.305612,117794068.5850344,4.0,4.0,0.0,0.0,0.0,1946309.121335656,1989.5079519177168,50894.6445769085,80.46986248375553,0.0,0.0,0.0,0.0,1.2068068389438937,5.979098511756137
39,0.25,1.0948106978686696,1.0170877343529625,0.9757500096598989,0.9091562486755586,1.1501381751162016,0.9675592532147115,0.8038395260015093,4581.672723785371,9179.434948301674,931.9827935087837,1295.1517530508436,0.09462920488788937,1.0012514572893298,0.1005525203566066,R3D_revised_uncertainty_lhs,r3d_040_lhs039_capfix0p25,xinwu_k100,k100,repday_opt,base_with_storage_degradation,baseline,0.2840740798052665,min_cost,scipy-linprog-highs,optimal,7145930446.534789,7145930446.534742,True,,37.211914099985734,2026-06-05T09:35:58.776219+00:00,f614d91,3fd05abddff2dd00e57c0e0de7d9a645134a845034aade2216f2110da401cb73,4949.027047630847,503.8079463900418,2822.56659044792,11290.26636179168,0.0,0.0,0.0,3726.323832273954,4248211.733260424,2236741.5102900425,684286.7461865139,1206806.8389438917,1206806.838943898,0.7159259201947319,0.4604620903255785,6.5192580223083504e-09,5.4020724874359545e-15,2113899262.867173,487724921.1123294,366379854.8370336,2036593441.766049,605329785.5082016,0.0,0.0,0.0,1531345565.704852,0.0,4657614.739151004,0.0,0.0,0.0,7145930446.534789,837005.9189348605,198164.56151053755,4917658.120040832,1353929.6859483127,2453759.293969212,2511373.7188606607,4965133.012829872,278.04633194479,469846589.1667014,135483196.34150016,4.0,4.0,0.0,0.0,0.0,2511380.366211366,1985.2189067397328,116440.36847877508,156.77581999894576,0.0,0.0,0.0,0.0,1.206806838943898,7.1459304465347895
40,0.25,0.934773981426309,1.1784676403867111,0.9837576458013205,1.2649016712996897,1.145911184113786,1.1948109634239423,1.1959750726031708,6208.938492040219,11449.734439072416,835.183095769055,1241.386597696877,0.0102190664031274,0.8683653251432764,0.07097256086859502,R3D_revised_uncertainty_lhs,r3d_041_lhs040_capfix0p25,xinwu_k100,k100,repday_opt,base_with_storage_degradation,baseline,0.2236203201943854,min_cost,scipy-linprog-highs,optimal,6388067153.529422,6388067153.529402,True,,37.28547040000558,2026-06-05T09:36:48.958685+00:00,f614d91,6e32b265d18ba64d569e4a03b5f0921383c083c63cd4d431206aa22f7badec51,4595.64004938808,449.6022078910867,2680.0823223110515,10720.329289244206,0.0,0.0,0.0,4601.5296254738405,5396677.895348937,3173090.159983948,548796.5198910593,1206806.8389438917,1206806.8389438924,0.7763796798056144,0.6196745827890382,9.313225746154783e-10,7.717246410622793e-16,2660135503.021619,515098076.7729315,311752055.0024243,1853508888.5059707,179399791.05177844,0.0,0.0,0.0,866307580.5192697,0.0,1865258.6554276044,0.0,0.0,0.0,6388067153.529422,743890.6289441391,160907.149367836,4643713.895464033,1219103.541456513,2484629.291711545,2482149.235661058,4966778.527372603,289.4208247585523,50755839.58084796,128643951.47093049,4.0,4.0,0.0,0.0,0.0,1687950.5680589215,2583.775532696145,46631.46638569011,94.48093187715634,0.0,0.0,0.0,0.0,1.2068068389438924,6.388067153529422
41,0.25,0.9154839520540167,0.8127783928133205,0.9959935481026212,1.2839631298916623,0.8684127162132629,0.8602316724178485,0.8531127539492865,4625.6253952869265,10098.555139356433,781.1430765820812,1078.812750444871,0.007139563351164727,1.0927552240185079,0.06803909657607483,R3D_revised_uncertainty_lhs,r3d_042_lhs041_capfix0p25,xinwu_k100,k100,repday_opt,base_with_storage_degradation,baseline,0.3200979099350558,min_cost,scipy-linprog-highs,optimal,5189579783.498262,5189579783.49831,True,,43.58265610001399,2026-06-05T09:37:45.218447+00:00,f614d91,84335e516a6a634612a43635d55eec574a05503021ecb294f0a5261c8dc90cc8,3794.312822585302,548.6518428885618,1980.0458105667144,7920.183242266858,0.0,0.0,0.0,3312.977237887233,3770117.834223718,1714107.8616020028,592410.1855533889,1206806.8389438917,1206806.838943892,0.679902090064944,0.2959563012469869,4.656612873077393e-10,3.8586232053113965e-16,1636228633.889819,570585202.8252794,215419652.68446025,1190037907.161718,129367201.7350481,0.0,0.0,0.0,1445595371.6624384,0.0,2345813.539499626,0.0,0.0,0.0,5189579783.498262,571334.1001601187,124758.8709420742,3932177.039658904,1151462.6796028358,2432583.2425520704,2375134.140086759,4807717.38263883,374.8546699354782,34325002.8278458,95042198.9072023,4.0,4.0,0.0,0.0,0.0,2366330.586243746,2283.451985812289,58645.338487490655,88.70668466904824,0.0,0.0,0.0,0.0,1.206806838943892,5.189579783498262
42,0.25,1.0522091709151427,0.8916997080606929,0.9011540797849956,1.1843427317137512,0.9050091716599405,0.9538500377501965,1.062010446945929,4505.574752270448,11645.939827269744,528.7806622496862,1276.788169587691,0.11878403656112425,0.930933262386984,0.05249726980705979,R3D_revised_uncertainty_lhs,r3d_043_lhs042_capfix0p25,xinwu_k100,k100,repday_opt,base_with_storage_degradation,baseline,0.2237222355894949,min_cost,scipy-linprog-highs,optimal,9619620672.827631,9619620672.827602,True,,45.94068010000046,2026-06-05T09:38:43.789856+00:00,f614d91,23e6a5175e487280fc4224a5a372efbe99e37379856db4be5f3a00852cc267d6,4586.116616217771,861.2247942141792,5827.747957751244,23310.991831004976,0.0,0.0,0.7251870919660346,3674.251243790449,5394219.46935237,3171437.044847592,1049049.237357758,1206806.8389438917,1206806.8389438968,0.7762777644105041,0.6194763377363868,5.3551048040390015e-09,4.437416686108106e-15,1926352184.1461916,999902356.7919848,429196152.8658888,4145329884.646645,968503880.6912328,0.0,0.0,0.0,1148128729.8728054,50580.09227071194,2156903.720613952,0.0,0.0,0.0,9619620672.827633,574695.0286411514,417940.6954779743,4350299.243641096,1669780.7978915477,2611450.3115348816,3187072.7784321997,5798523.089967081,170.89967693873533,688771978.719173,279731901.9720597,4.0,4.0,0.0,0.0,0.0,1900872.829443665,1939.74172470652,53922.59301534879,76.96413171878305,0.0,0.0,0.0,0.0,1.2068068389438968,9.619620672827633
43,0.25,1.002331268839128,1.061051758242146,1.0408168685863648,1.0082843132828283,0.9748105378051001,0.8946244466479807,0.8358319052840366,4745.795366101615,10490.014992753742,522.1510885318626,1154.7301219654905,0.04852421419194553,0.9661494101196554,0.01881346912571307,R3D_revised_uncertainty_lhs,r3d_044_lhs043_capfix0p25,xinwu_k100,k100,repday_opt,base_with_storage_degradation,baseline,0.2984075385305401,min_cost,scipy-linprog-highs,optimal,5595442055.239594,5595442055.239526,True,,47.917956900026184,2026-06-05T09:39:43.986508+00:00,f614d91,73e6b6906c8ca8c56b95a3b578fd34095a05645342aea0dd63443e240d331b20,4213.515065217,522.3280711820389,2095.348573231965,8381.394292927858,0.0,0.0,0.0,3445.432809828645,4044156.675419855,1979814.4122890865,495487.1155378535,1206806.8389438917,1206806.8389438917,0.7015924614694597,0.3904444621409911,2.3283064365386963e-10,1.9293116026556983e-16,1864206231.5090024,559204144.0977412,152381401.5031539,1347957694.2969213,355090856.14506906,0.0,0.0,0.0,1315674324.6330538,0.0,927403.0546527946,0.0,0.0,0.0,5595442055.239594,756428.0659890898,124288.18402839212,4469704.91140155,1239561.9138885536,2637902.2612677,2607192.9735188363,5245095.2347865375,388.8364039439657,254514124.6299348,100576731.5151343,4.0,4.0,0.0,0.0,0.0,2415254.539127469,2372.1889744653263,23185.07636631986,27.173247806699237,0.0,0.0,0.0,0.0,1.2068068389438917,5.5954420552395945
44,0.25,0.9791688767944953,0.8774404119289074,1.076226001458486,0.8549301926020572,1.1261768669130756,1.0893689819845234,0.9575289454111175,5211.062498398125,11247.816742281057,818.4536790703296,1086.0718303489825,0.08544345995116998,1.0953518598060632,0.08648349450055763,R3D_revised_uncertainty_lhs,r3d_045_lhs044_capfix0p25,xinwu_k100,k100,repday_opt,base_with_storage_degradation,baseline,0.2666431860335013,min_cost,scipy-linprog-highs,optimal,6369184118.622773,6369184118.622791,True,,30.765312500006985,2026-06-05T09:40:27.228017+00:00,f614d91,5995175159f162030f89ced22bb2f66ded3947f79a291d8f9b250c7ae1c3462c,4149.968730633127,453.9081080738752,2673.23006729422,10692.92026917688,0.0,0.0,0.0,4195.444967552943,4525924.164408487,2160301.4869462918,666490.9621010551,1206806.8389438917,1206806.8389438917,0.7333568139664985,0.4413711020262354,2.3283064365386963e-10,1.9293116026556983e-16,2016097367.7884495,512861598.19371337,304726299.4502399,1617463068.5285506,533361180.3494433,0.0,0.0,0.0,1381140837.056711,0.0,3533767.2556655877,0.0,0.0,0.0,6369184118.622773,765816.0896226302,182926.0346252298,4556613.041119829,1186307.7299769516,2342474.536221732,2398042.0270213806,4740516.5632431125,280.3305793289593,405046137.1193208,128315043.23012254,4.0,4.0,0.0,0.0,0.0,2108288.01871684,1953.3916003889103,88344.18139163968,120.59739104149952,0.0,0.0,0.0,0.0,1.2068068389438917,6.369184118622774
45,0.25,0.9673029125604825,1.0953724998822214,1.0557213412381534,1.0325765464065773,1.178058984844984,1.1633535801044292,0.9089591399307986,4995.091318919829,11892.757089590508,875.348912486218,1464.347817364096,0.037502558777005396,0.9697258858738209,0.03691268855396851,R3D_revised_uncertainty_lhs,r3d_046_lhs045_capfix0p25,xinwu_k100,k100,repday_opt,base_with_storage_degradation,baseline,0.2843368513515624,min_cost,scipy-linprog-highs,optimal,5837409876.748114,5837409876.748093,True,,43.2585121000011,2026-06-05T09:41:22.451488+00:00,f614d91,30ccd731903fd3b0ed7839afb13e5ddc723bb495f0f14f1ed0f25bf08797a207,4094.049585850665,459.8011705296362,2013.0072679472216,8052.0290717888865,0.0,0.0,0.0,4480.379011932588,4244285.72380778,2175820.4695142107,457290.0629058916,1206806.8389438917,1206806.8389438917,0.7156631486484375,0.4453555080243674,2.3283064365386963e-10,1.9293116026556983e-16,1906500515.531557,542717739.843945,245417786.4350104,1642211441.77908,284075473.23510885,0.0,0.0,0.0,1214774323.9971898,0.0,1712595.926223215,0.0,0.0,0.0,5837409876.748114,818880.5477883504,151702.94168726957,4331792.489976023,1299206.0289119224,2519669.409636933,2478686.1822641045,4998355.591901037,384.7921685585495,187451124.37364224,96624348.86146665,4.0,4.0,0.0,0.0,0.0,2220943.4005345087,2338.2370386135467,42814.89815558036,60.1929308914663,0.0,0.0,0.0,0.0,1.2068068389438917,5.837409876748113
46,0.25,1.0435302134498368,0.8368162681627334,1.0671297114365519,0.9166487251554731,0.9111343243201486,1.12290907504892,0.8540143229272867,5182.7588321124895,11900.701579672248,633.1844801894775,1420.458967053169,0.05110472471740163,1.082141104419972,0.13576814459236397,R3D_revised_uncertainty_lhs,r3d_047_lhs046_capfix0p25,xinwu_k100,k100,repday_opt,base_with_storage_degradation,baseline,0.2805238699452675,min_cost,scipy-linprog-highs,optimal,7430213992.433884,7430213992.433895,True,,35.89933739998378,2026-06-05T09:42:11.287650+00:00,f614d91,9ac13c0213d8bb2563691b3cb11a1cb5caca715a1f7e28029c7c87b7635f9ecd,4241.827347477542,566.3410226538476,3181.425102500449,12725.700410001797,0.0,0.0,0.0,4324.616641233182,4301975.582966787,2149207.238508228,784391.5784095426,1206806.8389438917,1206806.838943892,0.7194761300547323,0.4384874490830672,4.656612873077393e-10,3.8586232053113965e-16,2049530494.542316,668822032.8825985,280563686.9888039,2517618277.020859,414910573.6503877,0.0,0.0,0.0,1493734882.81044,0.0,5034044.538477992,0.0,0.0,0.0,7430213992.433884,740489.8199579999,160874.56263956855,4653769.024338066,1221301.8770973696,2471546.8411440966,2659136.6755031208,5130683.516647217,261.1974773322856,262202168.7303661,152708404.92002153,4.0,4.0,0.0,0.0,0.0,2363832.489676772,2485.583046465064,125851.1134619498,196.9794466326778,0.0,0.0,0.0,0.0,1.206806838943892,7.430213992433884
47,0.25,0.9056260560408208,0.9741209952532319,0.9184240483512138,1.062385183630907,1.1107920714456296,0.9798035305514021,1.1854659943865458,4072.884702850643,10928.051371822625,952.1399619351362,1400.3530016283948,0.021419094929670774,1.1450264945301885,0.022994402717672526,R3D_revised_uncertainty_lhs,r3d_048_lhs047_capfix0p25,xinwu_k100,k100,repday_opt,base_with_storage_degradation,baseline,0.2328638092585806,min_cost,scipy-linprog-highs,optimal,6404592711.201165,6404592711.201148,True,,33.905922299978556,2026-06-05T09:42:57.117226+00:00,f614d91,fd6b13a9c658d21d5106509eb003782f9b754f8380d7a2efa6b56f6fe08b5324,4814.488739372154,427.2418573412764,2977.9937701309686,11911.975080523876,0.0,0.0,0.0,3773.479747838908,5182457.689695389,2353963.3175850897,712677.1675019243,1206806.8389438917,1206806.8389438947,0.7671361907414187,0.4873298024958403,3.2596290111541752e-09,2.7010362437179777e-15,1828069436.2189972,472044829.0368355,394915403.24830014,2323275957.0518656,247371413.028582,0.0,0.0,0.0,1138135508.349655,0.0,780164.2669310272,0.0,0.0,0.0,6404592711.201165,884718.3304117357,170510.19467675063,4384606.902772705,1100677.3326768037,2375364.4306589314,2500084.901125725,4875449.331784656,262.34995500592646,104427712.0622955,142943700.96628648,4.0,4.0,0.0,0.0,0.0,1702914.1390339888,2104.607493451399,19504.10667327568,29.65637847336434,0.0,0.0,0.0,0.0,1.2068068389438946,6.404592711201166
48,0.25,1.0241224413227799,0.8595981162072578,1.0662561489093114,1.2716572440934861,1.005583656673754,0.9191326957704888,0.9314145377278448,5610.98419528034,10409.969413175308,774.3496154110537,1100.2750342990187,0.01797754755827175,1.170548152867127,0.02229908489749967,R3D_revised_uncertainty_lhs,r3d_049_lhs048_capfix0p25,xinwu_k100,k100,repday_opt,base_with_storage_degradation,baseline,0.2620867701730101,min_cost,scipy-linprog-highs,optimal,6859680951.8245535,6859680951.824613,True,,36.29201470001135,2026-06-05T09:43:45.308833+00:00,f614d91,f6f8230dc96c1ae830da92561514a674938eb4863bde15862bac26fc160a988f,4310.566264126777,549.0832615855372,3379.917201699248,13519.668806796992,0.0,0.0,0.0,3539.8204894349124,4604608.001186965,2079006.534621755,710350.2360012454,1206806.8389438917,1206806.838943896,0.7379132298269889,0.4195271545101433,4.6566128730773926e-09,3.8586232053113955e-15,2254829808.197113,584410039.8397906,364521076.0580186,2071795124.4777043,275648704.1425394,0.0,0.0,0.0,1307767495.4216006,0.0,708703.6877876082,0.0,0.0,0.0,6859680951.8245535,800117.0630347652,192890.5044563377,4677068.529117123,1286079.8490159344,3084672.370820868,3223901.036834644,6308573.407655512,298.07507518359404,113412678.46097544,162236025.6815639,4.0,4.0,0.0,0.0,0.0,2167398.855626093,2879.297516861192,17717.592194690205,32.522656640350164,0.0,0.0,0.0,0.0,1.206806838943896,6.859680951824553
49,0.25,1.0772204332188946,0.8865620507079689,0.9496661277089101,1.2492535155299498,0.9727351884450448,0.887932858389868,1.0672039495283754,6023.517749641601,9832.266126602797,546.6413852877437,1395.6289595280646,0.10999837995944771,0.9799960427395045,0.11705347978131429,R3D_revised_uncertainty_lhs,r3d_050_lhs049_capfix0p25,xinwu_k100,k100,repday_opt,base_with_storage_degradation,baseline,0.2174643141908702,min_cost,scipy-linprog-highs,optimal,10586643254.95596,10586643254.955982,True,,45.8678161999851,2026-06-05T09:44:43.920858+00:00,f614d91,adb2c6e6de49c36a929e0729bb9841bca9cf39d7af1c5c45d6229f4e14ca8721,4542.637480548505,1002.1325937665368,5757.294264361481,23029.17705744592,0.0,0.0,4.45589486374854,3424.1176475513216,5549447.703335211,3425661.825125528,1018618.123472188,1206806.8389438917,1206806.8389438957,0.782535685809129,0.6477157114305425,4.190951585769653e-09,3.4727608847802568e-15,2550930759.75738,1021319335.8922704,438329228.4205568,4476389687.687534,911925652.276626,0.0,0.0,0.0,1183290861.0278995,310788.17570507526,4146941.717986745,0.0,0.0,0.0,10586643254.95596,769819.309395849,779550.8703751994,4371097.908305443,1831545.322756176,2586884.353918137,3191160.084750756,5778044.438668894,173.21288103296405,635575527.5872748,276350124.6893511,4.0,4.0,0.0,0.0,0.0,1891622.3127519093,1963.0818290381933,103673.54294966864,175.18871820581023,0.0,0.0,0.0,0.0,1.2068068389438957,10.586643254955959
50,0.25,0.9232858949678502,1.1204560992260024,1.0853676091374393,0.7771814688687531,1.195590426087716,0.8434868677044455,0.8966656059030584,6386.43003619926,10039.794897158088,917.9656168776003,1255.6319852807173,0.02730713876668612,1.0038913011170632,0.12981517949989343,R3D_revised_uncertainty_lhs,r3d_051_lhs050_capfix0p25,xinwu_k100,k100,repday_opt,base_with_storage_degradation,baseline,0.3019766014865586,min_cost,scipy-linprog-highs,optimal,5537796201.608415,5537796201.608404,True,,55.44845870000427,2026-06-05T09:45:52.469979+00:00,f614d91,0edff18c279feaaca19ba170779bf6cd2ea4ccdae68f4a13cc786251eb04a338,3591.93041767899,447.8825944472943,1705.385887231128,6821.543548924512,0.0,0.0,0.0,3248.488613895458,3996358.767543809,2085183.0166677912,372152.73233551614,1206806.8389438917,1206806.838943892,0.6980233985134412,0.42124656238932,4.656612873077393e-10,3.8586232053113965e-16,2138584772.4810572,463728773.0500127,218036185.01853845,1192956262.519212,198611565.54335716,0.0,0.0,0.0,1320675146.9982774,0.0,5203495.997959512,0.0,0.0,0.0,5537796201.608415,761094.4766970801,157073.40083013993,3884768.047089232,1277258.5454027292,2116724.05315928,2158826.159325748,4275550.212485028,395.58974883076667,116753042.95626298,81858522.58709414,4.0,4.0,0.0,0.0,0.0,2251393.150238757,2060.9069311366493,130087.3999489878,169.35704364296132,0.0,0.0,0.0,0.0,1.206806838943892,5.537796201608415
51,0.25,0.9233958489441978,1.1919561666739107,1.0159684263952826,1.2177958802712276,0.9958312921145065,1.0065992576412168,0.9430992463485268,4814.3506090915325,11297.045735325522,683.3110419907093,1380.780907893399,0.11295551929924226,1.0842423416335103,0.1438847272439116,R3D_revised_uncertainty_lhs,r3d_052_lhs051_capfix0p25,xinwu_k100,k100,repday_opt,base_with_storage_degradation,baseline,0.2870745429143826,min_cost,scipy-linprog-highs,optimal,5859341041.274143,5859341041.274208,True,,43.285050500009675,2026-06-05T09:46:48.571045+00:00,f614d91,b036e0563e91a082cdd6428ae8014353c4b3b2f61b84efd33064f190554ae414,4069.126084711165,505.1195233168791,1752.7622045960868,7010.041933017622,0.0,0.0,0.0,3876.6771035834113,4203810.01635457,2144155.747324041,392159.0823349828,1206806.8389438917,1206806.83894389,0.7129254570856177,0.4371645621126102,0.0,0.0,1826330021.970616,572669568.0183445,166809558.84397104,1348108616.352464,515223583.3029888,0.0,0.0,0.0,1424434768.881762,0.0,5764923.903997429,0.0,0.0,0.0,5859341041.274143,837982.5387133507,140014.4100569872,4088567.986404217,1207343.5148418725,1898310.4666810825,1918263.3739003337,3816573.840581416,342.0563300886305,431103080.1067773,84120503.19621146,3.999425543656701,4.000000000000002,0.0,0.0,0.0,2140545.452666803,1601.2578686501324,144123.09759993572,179.31995841556193,0.0,0.0,0.0,0.0,1.20680683894389,5.859341041274143
52,0.25,1.0406038101924617,1.128685011019106,0.9104122608362385,1.23466947119864,0.9564011287075662,0.8474230865823494,1.098749773313313,4777.1462760630575,11463.631023634991,646.725252475663,1115.7792581193428,0.08036248782076605,1.1602541522816538,0.030988492371313407,R3D_revised_uncertainty_lhs,r3d_053_lhs052_capfix0p25,xinwu_k100,k100,repday_opt,base_with_storage_degradation,baseline,0.2186531913960134,min_cost,scipy-linprog-highs,optimal,7794489288.774481,7794489288.774453,True,,30.930497499997728,2026-06-05T09:47:31.500149+00:00,f614d91,897475ce27f3a85159ea9be6adb239f504b5f42cac76fdf8c1d865e7b38f309e,5629.355001269488,557.907411111038,3880.25381168984,15521.015246759362,0.0,0.0,0.0,3263.6480226500607,5519273.838350637,2625338.454939012,769239.2869048774,1206806.8389438917,1206806.8389438966,0.7813468086039856,0.5403233298649368,5.122274160385132e-09,4.244485525842536e-15,2507076425.489645,639787149.005531,349509873.149289,2412003338.203186,659322757.2087245,0.0,0.0,0.0,1225462520.996887,0.0,1327224.7212178768,0.0,0.0,0.0,7794489288.774481,989021.8559796596,197338.4710675032,5118405.60983893,1231901.8765925402,2835733.489115444,3050975.43536074,5886708.924476184,245.7132625391365,473070574.2476121,186252182.96111235,4.0,4.0,0.0,0.0,0.0,1837312.600390576,2172.906478823454,33180.61803044692,45.923281341576775,0.0,0.0,0.0,0.0,1.2068068389438966,7.794489288774481
53,0.25,0.9903412484032112,0.9458239755297759,0.9384519074180833,0.8866696352579359,1.0652267116046004,1.18384237650094,1.1719362386289132,4166.068731760943,9918.536557029853,553.82161448065,1005.8830918921475,0.08234212251316925,1.1048612074100879,0.04823173252965413,R3D_revised_uncertainty_lhs,r3d_054_lhs053_capfix0p25,xinwu_k100,k100,repday_opt,base_with_storage_degradation,baseline,0.2154027073917902,min_cost,scipy-linprog-highs,optimal,7092503266.786875,7092503266.786933,True,,51.415868300013244,2026-06-05T09:48:35.005064+00:00,f614d91,d98c2696907b39b0c873a47535e65e6bcd9ac79994e46ee3fc03b39f13b39e33,4779.256573469463,485.5535951210084,4567.025667158139,18268.10266863256,0.0,0.0,0.0,4559.286727458289,5602561.144920349,2623061.9289168403,916660.4957612364,1206806.8389438917,1206806.8389438898,0.78459729260821,0.5399243816396568,0.0,0.0,1856210278.4641647,498126793.92306167,352275831.7104354,2559295582.077006,701697922.679189,0.0,0.0,0.0,1123008747.4827168,0.0,1888110.4503023464,0.0,0.0,0.0,7092503266.786875,628793.5761257183,165670.42501383848,4716037.086419035,1219752.2127785196,2760417.087141888,3099046.768413129,5859463.8555550175,212.0531360472358,482480690.6555983,219217232.02359068,4.0,4.0,0.0,0.0,0.0,1722573.9222354158,2607.2157634119126,47202.76125755866,68.01835045528405,0.0,0.0,0.0,0.0,1.2068068389438897,7.092503266786875
54,0.25,0.9167816090159643,0.98932360440253,0.9775573655157037,0.8644214719036049,0.8268648579358047,1.1552650026274915,1.048113951643752,5865.152912647065,10895.744282195586,686.1431074088582,1484.0354436555529,0.04041312142159368,0.9444853403073108,0.06661548638586876,R3D_revised_uncertainty_lhs,r3d_055_lhs054_capfix0p25,xinwu_k100,k100,repday_opt,base_with_storage_degradation,baseline,0.2601750318216297,min_cost,scipy-linprog-highs,optimal,6640448706.987722,6640448706.987741,True,,42.90885189999244,2026-06-05T09:49:30.241913+00:00,f614d91,808c52ccdd49ec86e35ec5bd72f734dadba5e474fcb184d047833e56b42fa55e,4321.722722189226,531.2418362104679,2494.0138743652465,9976.055497460986,0.0,0.0,0.0,4449.2277838074215,4638442.169082741,2750119.7190200835,625058.7606454247,1206806.8389438917,1206806.8389438903,0.7398249681783704,0.561180253136799,0.0,0.0,2363070263.4224696,585608232.0075204,238337876.3719048,2061971342.609369,305297416.4058075,0.0,0.0,0.0,1083555888.978479,0.0,2607687.1921730866,0.0,0.0,0.0,6640448706.987722,651418.8133142797,127166.90811173008,4383132.069648613,1049435.8475548148,2273917.165796569,2318273.28888861,4592190.454685179,290.4797003032205,185584750.43627563,119712665.96953183,4.0,4.0,0.0,0.0,0.0,1926075.6905476144,2073.973522952329,65192.17980432716,86.97374447605664,0.0,0.0,0.0,0.0,1.2068068389438904,6.640448706987723
55,0.25,0.9459304138959557,1.069559285580256,1.0466942886851687,0.7278540678633167,1.1719931113658562,0.9973122659640938,0.9819111143686671,5290.930832614878,9116.828534552458,580.5138705281286,1314.8341853302086,0.05200227777747794,0.9104028453223677,0.13219278045656913,R3D_revised_uncertainty_lhs,r3d_056_lhs055_capfix0p25,xinwu_k100,k100,repday_opt,base_with_storage_degradation,baseline,0.2691588350851225,min_cost,scipy-linprog-highs,optimal,5629003935.043519,5629003935.043474,True,,40.23568250000244,2026-06-05T09:50:23.333793+00:00,f614d91,b9ec8876dc9565f0760c3aaf17d18d072425e34ca598e9693563580c8bfe46fd,4182.579424823476,425.9933279293201,2124.2263394263327,8496.905357705331,0.0,0.0,0.0,3840.910468825268,4483623.354077284,2440868.4060763004,494284.11745068815,1206806.8389438917,1206806.838943894,0.7308411649148769,0.5055829982723903,2.561137080192566e-09,2.122242762921268e-15,2063082889.5322025,410308073.2984212,171748473.53192952,1556005985.3358448,356005591.2957499,0.0,0.0,0.0,1067381304.621838,0.0,4471617.427534179,0.0,0.0,0.0,5629003935.043519,780513.1311282385,141109.5193064553,4436544.495364224,1196196.8513597073,2467762.3795025875,2417460.6888090707,4885223.068311658,355.63840407743584,254042727.00328597,101962864.29246396,4.0,4.0,0.0,0.0,0.0,2055936.4016190148,2201.299366179601,111790.43568835448,175.84378284610864,0.0,0.0,0.0,0.0,1.206806838943894,5.629003935043519
56,0.25,1.0659354441025446,0.9516108286503229,0.9464268701032011,1.1512497128348613,0.9416797747347122,0.9916356913048596,1.0812508415715325,6448.089605065072,10665.700754065747,737.7809320191145,1308.321954741154,0.019354019750492234,1.1326806845167683,0.060629693377359725,R3D_revised_uncertainty_lhs,r3d_057_lhs056_capfix0p25,xinwu_k100,k100,repday_opt,base_with_storage_degradation,baseline,0.216911524735596,min_cost,scipy-linprog-highs,optimal,9669460697.158802,9669460697.15881,True,,43.916360000002896,2026-06-05T09:51:19.452475+00:00,f614d91,989a31332fbc115e6821cb1a98e7318d72fa6f940abd448682e16581f4230dbd,4853.902621085931,615.8175946235528,5366.949980092485,21467.79992036994,0.0,0.0,0.0,3819.048494617376,5563590.226083776,2889279.0298114954,963059.2797863293,1206806.8389438917,1206806.838943898,0.7830884752644027,0.5823155789066751,6.5192580223083504e-09,5.4020724874359545e-15,2917847027.33333,667757354.7829494,551485971.5962876,3911845226.9920487,383348965.20807946,0.0,0.0,0.0,1234648954.192457,0.0,2527197.05365067,0.0,0.0,0.0,9669460697.158802,493029.5824648861,167922.56465368526,4981410.463342924,1385388.34761776,3061516.548712416,3435085.5930954795,6496602.141807896,200.0138350132041,125735366.16364016,257613599.0444393,4.0,4.0,0.0,0.0,0.0,1867047.6133463308,2721.283315753626,63179.92634126676,91.0749084514375,0.0,0.0,0.0,0.0,1.206806838943898,9.669460697158803
57,0.25,0.9430282331759712,0.9067241908674842,1.094111829400009,0.7190048549007706,1.077397947906284,1.0261575107473115,0.8095450701875005,5414.349277748612,10192.411691687837,810.9706550227113,1166.3437594793727,0.09227151464777726,0.9553653392151941,0.07621972482458374,R3D_revised_uncertainty_lhs,r3d_058_lhs057_capfix0p25,xinwu_k100,k100,repday_opt,base_with_storage_degradation,baseline,0.3274720897897782,min_cost,scipy-linprog-highs,optimal,5448358718.89127,5448358718.891248,True,,45.48937819999992,2026-06-05T09:52:17.512127+00:00,f614d91,acb1464362308338e514cdb068b3e7f5fe2b079b86d246a877caf3f28a1cfbd7,3557.02070296479,443.17198787826425,1676.0963730154856,6704.385492061942,0.0,0.0,0.0,3952.0010534342778,3685220.440369758,1981258.8371156456,493974.4070545304,1206806.8389438917,1206806.8389438917,0.6725279102102217,0.3908888549358931,2.3283064365386963e-10,1.9293116026556983e-16,1795448935.3603692,464142406.52640784,189314387.65104067,1089093190.9750369,418593518.536468,0.0,0.0,0.0,1488014970.2569678,0.0,3751309.5849790312,0.0,0.0,0.0,5448358718.89127,737125.4398070497,115268.01839642628,3900649.710381596,1163675.9056197538,1803847.3465904195,1860781.9154574664,3664629.262047886,346.93371929102415,338140892.63172466,80452625.90474331,4.0,4.000000000000001,0.0,0.0,0.0,2493680.5590296094,1851.3146337297264,93782.73962447578,110.73644231501969,0.0,0.0,0.0,0.0,1.2068068389438917,5.44835871889127
58,0.25,1.0558306669923345,0.9185361162630149,1.080451950025738,1.2544080631573575,0.9481319438981978,0.8137510895633208,0.9689293792703437,5156.102436001471,9293.215290211941,636.7635572239687,1364.6990857724718,0.003157408150712162,0.9221958804541844,0.12054384863223676,R3D_revised_uncertainty_lhs,r3d_059_lhs058_capfix0p25,xinwu_k100,k100,repday_opt,base_with_storage_degradation,baseline,0.2443732087282683,min_cost,scipy-linprog-highs,optimal,7028402441.321071,7028402441.32107,True,,42.59454089999781,2026-06-05T09:53:12.649659+00:00,f614d91,240f6905fabc720b8e42ab5e7ac36a6cebd7544e73ef3476a8ff19a28b00e0fd,4614.601155449896,580.2174329460553,3463.418714519152,13853.674858076609,0.0,0.0,0.0,3133.9683523297363,4938376.20426634,2513667.4730441254,731886.170111526,1206806.8389438917,1206806.8389438938,0.7556267912717313,0.5199019552564703,2.3283064365386963e-09,1.9293116026556978e-15,2218176519.2624984,566859512.7470642,307158610.8219044,2633185084.920666,183732704.47058445,0.0,0.0,0.0,1115449009.7190735,0.0,3840999.37928015,0.0,0.0,0.0,7028402441.321071,958430.0689678944,186494.26474239983,4983139.832128378,1287048.0424642088,2683381.149842275,2855530.938454117,5538912.088296392,257.65103552915417,17488606.17366515,166244098.2969193,4.0,4.0,0.0,0.0,0.0,2083481.8784265365,2628.272700069007,96024.98448200375,181.14768082530625,0.0,0.0,0.0,0.0,1.2068068389438937,7.028402441321071
59,0.25,1.008209921877624,0.9949205685133651,0.9722122597201696,1.0286362639231394,0.8413869970305411,0.904302179068033,0.8771350623734835,4392.987867224223,11044.482809070509,732.778837781716,1032.7450563019956,0.03494999016807147,1.1886363936085707,0.08346007819177913,R3D_revised_uncertainty_lhs,r3d_060_lhs059_capfix0p25,xinwu_k100,k100,repday_opt,base_with_storage_degradation,baseline,0.2826978856407045,min_cost,scipy-linprog-highs,optimal,6153703354.273357,6153703354.273402,True,,29.014719500002684,2026-06-05T09:53:54.111011+00:00,f614d91,72c0930aa1a9f71f0d4db490fd0c291de558fc890556501319967d9a96a5834f,4617.726540824283,588.0374415199085,2663.5837271196992,10654.334908478795,0.0,0.0,0.0,3482.7042894195797,4268892.341408188,1893778.9447903447,651604.9215214094,1206806.8389438917,1206806.8389438875,0.7173021143592964,0.3627520032030508,0.0,0.0,1891161468.8698769,655058211.8356003,271843383.39008415,1532494639.9074214,329369224.78422534,0.0,0.0,0.0,1470726816.137508,0.0,3049609.34864204,0.0,0.0,0.0,6153703354.273357,685637.5259476233,150437.27517546428,4664326.8067785045,1174831.0947271255,2882635.926411804,2883237.1085561905,5765873.034967993,338.2704238841893,201517205.88247976,127852018.90174556,4.0,4.0,0.0,0.0,0.0,2301523.3226707364,2502.459778438504,76240.23371605098,119.83311239614062,0.0,0.0,0.0,0.0,1.2068068389438875,6.1537033542733575
0,0.14,1.0202452984761474,1.107467918865382,1.0342771715202272,0.9924355837124677,1.084342402005821,0.8284142314931632,1.1134828440035733,4240.852378159638,9665.193137911021,992.6728370803287,1351.9776603452428,0.11521651687113886,1.1169143292991413,0.02739317901378541,R3D_revised_uncertainty_lhs,r3d_061_lhs000_capfix0p14,xinwu_k100,k100,repday_opt,base_with_storage_degradation,baseline,0.1232366536767673,min_cost,scipy-linprog-highs,optimal,11541085364.956404,11541085364.956398,True,,34.015958200005116,2026-06-05T09:54:40.157317+00:00,f614d91,55eb1a0ea9f21765f7a84265a133881bad38ff6cea12f2d88e3e6e472c73aca1,5658.833015988324,835.6561592188916,7392.1403383619645,29568.561353447854,0.0,0.0,0.0022369586378791,3190.442185263139,5483854.110329384,2669274.8478170647,649174.6017901977,675811.8298085793,675811.8298085793,0.8767633463232327,0.7468181928281912,0.0,0.0,2237280463.280466,840733890.2210288,1022011627.3290656,5567743317.429656,1117138224.5212612,0.0,0.0,0.0,755250576.7970699,156.0225982552267,927109.3552580077,0.0,0.0,0.0,11541085364.956404,1331167.9648991544,817498.5159346797,5643529.920077464,1609654.2765977338,3323185.433510787,3293187.8867526646,6616373.320263452,139.21830045210586,762315488.279887,354822736.2413743,4.0,4.0,0.0,0.0,0.0,1015281.210547216,1120.4805853177468,23177.733881450196,37.90918391406762,0.0,0.0,0.0,0.0,0.6758118298085793,11.541085364956404
1,0.14,0.9468381648932956,1.1631610219520863,1.0778381564469313,1.049930227123638,1.0498350210529779,1.1183382284848509,1.0452025286758433,4252.373428442343,11993.078761598765,885.5199353095318,1332.3773359796685,0.06046678893056903,1.0659061542940838,0.07752920213021385,R3D_revised_uncertainty_lhs,r3d_062_lhs001_capfix0p14,xinwu_k100,k100,repday_opt,base_with_storage_degradation,baseline,0.1414659238764945,min_cost,scipy-linprog-highs,optimal,7441832419.905735,7441832419.905695,True,,48.601315399981104,2026-06-05T09:55:41.162953+00:00,f614d91,371caaf0739552a508ff66f1c4fc56a63b85ef57c8f428855a4f9fcb977bdfb3,5643.544085524895,501.8986911738172,3907.547373309482,15622.737899157044,0.0,0.0,0.0,4307.013115217833,4777205.784190052,2182002.4534148434,439752.5480111837,675811.8298085793,675811.8298085806,0.8585340761235052,0.6902790696908099,1.280568540096283e-09,1.894859609751132e-15,2237297380.0205126,596345581.7368438,481927922.6524714,2899104556.8442626,522966468.9047967,0.0,0.0,0.0,701591745.0590664,0.0,2598764.6877805605,0.0,0.0,0.0,7441832419.905735,1998586.1568864188,285333.14536112285,5250229.553199125,1126034.5630058832,2680279.91697848,2868114.8307588715,5548394.747737352,229.48240965125797,335493614.1149122,187472854.7898845,3.99809302527417,4.0,0.0,0.0,0.0,1081606.8453409928,1375.152803688302,64969.11719451401,103.96644443486852,0.0,0.0,0.0,0.0,0.6758118298085806,7.441832419905735
2,0.14,1.029478510530055,0.9218182446810225,0.956273901856661,1.1400556873489016,0.8976969162296972,1.1324449084309531,0.8456814431234648,5885.763473693107,9792.753937509833,754.1353658869077,1370.7407519088433,0.10264312561038769,0.9779974544572387,0.1268318215838627,R3D_revised_uncertainty_lhs,r3d_063_lhs002_capfix0p14,xinwu_k100,k100,repday_opt,base_with_storage_degradation,baseline,0.1608066233102227,min_cost,scipy-linprog-highs,optimal,8715514696726.61,8715514696726.649,False,load_shedding,45.77702329997555,2026-06-05T09:56:40.029184+00:00,f614d91,8ea107f2a400132cf31c8fb41034d23d027b94cf27595439592d504b51d4af07,4734.358514695045,986.9516173313734,8219.833594251737,32879.33437700695,0.0,0.0,0.0,4361.341630502837,4202636.781352132,2559798.928420656,719809.146655004,675811.8298085793,675811.8298085798,0.8391933766897771,0.7359902677099948,4.656612873077393e-10,6.890398580913207e-16,2597791815.064995,1002797128.3029191,863359811.248567,6277082499.357072,1067695245.590292,0.0,0.0,0.0,812423929.8517113,0.0,3824055.8410887006,0.0,0.0,8702889722241.354,8715514696726.61,413001.2572562138,565369.5385763085,4982167.434427893,1807799.3910434565,3229426.466466356,3328667.2106623263,6558093.677128683,126.54860848514156,673143233.0662087,394552012.5240834,4.0,4.0,0.0,0.0,0.0,1336789.661137757,1967.4714701602177,95601.3960272175,156.93100463130702,0.0,0.0,0.0,0.0,0.6758118298085798,8715.51469672661
3,0.14,1.0925036201458174,0.893848587294342,0.9908941189459829,0.7823781059892887,1.0215522220652187,1.1110056688510088,1.0017003248018934,5677.443507712183,9507.240025182955,597.1240707126886,1045.5697212625528,0.04669846376172439,0.876729934321612,0.006617466155859836,R3D_revised_uncertainty_lhs,r3d_064_lhs003_capfix0p14,xinwu_k100,k100,repday_opt,base_with_storage_degradation,baseline,0.127928502965386,min_cost,scipy-linprog-highs,optimal,63584267845086.234,63584267845086.35,False,load_shedding,25.60281350000878,2026-06-05T09:57:17.673117+00:00,f614d91,ad46655ec55b69cd26ae26ed56bc89a646f3251cab75d4221c08d2dae225c60b,4592.733222467547,694.2423960232587,8407.605046338538,33630.42018535415,0.0,0.0,0.0,4278.773509607764,5282730.698345116,2974193.924199822,1056505.3193483655,675811.8298085793,675811.8298085806,0.8720714970346137,0.7727747930927533,1.280568540096283e-09,1.894859609751132e-15,2430885131.36465,689882683.2013706,699224079.3699789,4897391089.221073,724921320.85491,0.0,0.0,0.0,505201703.6970613,0.0,212950.51724725196,0.0,0.0,63574320126128.01,63584267845086.24,218418.41791915055,281312.52745127573,5204836.926355421,1618342.5898095428,3323532.9860792,3557984.150552058,6881517.136631258,132.24575142617232,321356278.6306602,403565042.2242498,4.0,4.0,0.0,0.0,0.0,1128579.2584794122,2231.9535487687112,5323.762931181299,8.505606442890913,0.0,0.0,0.0,0.0,0.6758118298085806,63584.267845086244
4,0.14,1.019916995360033,1.1362926145577537,1.0046455197190969,1.1297362978042238,1.1384713800926252,0.9220024338514163,1.1563382842142798,4896.30232369454,10700.984034475046,801.3721733887714,1024.7430116068322,0.04557585897840559,0.9154915124109397,0.03406819084052316,R3D_revised_uncertainty_lhs,r3d_065_lhs004_capfix0p14,xinwu_k100,k100,repday_opt,base_with_storage_degradation,baseline,0.1187075374171563,min_cost,scipy-linprog-highs,optimal,10044278196.515305,10044278196.51521,True,,38.12677370000165,2026-06-05T09:58:07.996006+00:00,f614d91,f710937ca4069a32bd353d1b9a0a229a579101ddeef38ef95b752cc31b33c48e,5807.609168862776,930.5218171249048,7502.238862547638,30008.95545019055,0.0,0.0,0.0,3550.872601610797,5693082.718359103,2834276.6513510053,670273.3019386048,675811.8298085793,675811.82980858,0.8812924625828435,0.7615575637309636,6.984919309616089e-10,1.033559787136981e-15,2650977271.049626,1011572931.163066,837345403.6082392,4282973026.2289553,658441587.6412784,0.0,0.0,0.0,601848649.4286927,0.0,1119327.3954485094,0.0,0.0,0.0,10044278196.515305,1451039.8604274043,1076972.5274587672,5501953.533506135,1760631.127899634,3275150.888358492,3270729.5168873244,6545880.405245816,136.23972693402078,298334122.23899174,360107465.40228665,4.0,4.0,0.0,0.0,0.0,977653.5337595162,1113.2476923359402,27983.184886212737,46.70544861055933,0.0,0.0,0.0,0.0,0.67581182980858,10.044278196515304
5,0.14,0.9588164330287234,0.867787317203084,1.0322948398875165,0.8384471937667671,1.0697957066918795,1.133561699564851,1.1021006921875314,5467.963179423503,11079.495152211133,660.3821324764995,1136.7578561270302,0.11111233013073289,0.863276790595161,0.01223549347201647,R3D_revised_uncertainty_lhs,r3d_066_lhs005_capfix0p14,xinwu_k100,k100,repday_opt,base_with_storage_degradation,baseline,0.1324864009700009,min_cost,scipy-linprog-highs,optimal,17865812210696.75,17865812210696.8,False,load_shedding,33.31634519997169,2026-06-05T09:58:53.221224+00:00,f614d91,301f326869fe70e7638457f0900c91b16d8890aa35f5a72aae7fdd542b7813dc,4453.43023831848,724.6103543349342,7621.20295526338,30484.81182105352,0.0,0.0,0.0,4365.642685352024,5100990.176052894,3123083.943514948,793451.0230263195,675811.8298085793,675811.8298085772,0.8675135990299995,0.7836075360023884,0.0,0.0,2270181767.4140053,809181473.0721855,700968232.9930353,4826485191.306545,1067867413.9664783,0.0,0.0,0.0,520522824.7674154,0.0,425788.75731044816,0.0,0.0,17855616578004.473,17865812210696.75,501762.9316013643,506086.1982040543,4976715.961345122,1570301.4831175662,3163643.906255168,3154733.822731492,6318377.72898666,129.35678598123897,702049672.1138362,365817741.85264224,4.0,4.0,0.0,0.0,0.0,1025766.717866409,1720.6443739753263,10644.718932761203,14.725838890729936,0.0,0.0,0.0,0.0,0.6758118298085772,17865.81221069675
6,0.14,1.0041394411939808,0.9344146687583169,0.9635029291535211,1.0172160208664622,0.824543567310381,0.9362207830116892,1.1768705303246612,4177.087772392948,11529.815322891453,900.6891122195241,1196.4354382968086,0.07272933540884052,1.0257274332527309,0.03809548961305768,R3D_revised_uncertainty_lhs,r3d_067_lhs006_capfix0p14,xinwu_k100,k100,repday_opt,base_with_storage_degradation,baseline,0.1184691655755117,min_cost,scipy-linprog-highs,optimal,41107272596686.734,41107272596686.58,False,load_shedding,33.65900590000092,2026-06-05T09:59:39.016811+00:00,f614d91,800497eaf2f120daa7121c158f1639835de60a03a79d4bf591d52cf75cab7b4f,4799.622477137665,781.8040094752992,8050.521181827118,32202.084727308476,0.0,0.0,0.0,3605.631184256236,5704537.771710898,2958632.9679871,964940.994957684,675811.8298085793,675811.8298085798,0.8815308344244881,0.7715797001111744,4.656612873077393e-10,6.890398580913207e-16,1869050673.07041,900591009.1358184,1009900076.5735254,5366025743.43869,868413837.8119893,0.0,0.0,0.0,524092722.7112947,0.0,1077114.7790394253,0.0,0.0,41096733445509.21,41107272596686.734,284142.6120613315,203870.78008338148,5226746.856749178,1522819.954771213,3319938.198291348,3307220.133004226,6627158.331295573,128.3775631690543,481988821.0842876,386425016.72770166,4.0,4.0,0.0,0.0,0.0,960596.9226467396,1670.0017678021975,26927.86947598563,50.49670402127401,0.0,0.0,0.0,0.0,0.6758118298085798,41107.27259668674
7,0.14,0.9809043726300977,1.0478883793672484,1.092440131961474,1.1370008995819116,0.8149470093678791,1.0962569743016148,0.9016578937264242,6253.436327620559,9967.280875228244,709.0256530813883,1212.8354473696681,0.05954497186604062,0.8612071957873657,0.05502451704743203,R3D_revised_uncertainty_lhs,r3d_068_lhs007_capfix0p14,xinwu_k100,k100,repday_opt,base_with_storage_degradation,baseline,0.1582922176607968,min_cost,scipy-linprog-highs,optimal,8394631025.374293,8394631025.3742285,True,,44.97443390000262,2026-06-05T10:00:36.399929+00:00,f614d91,3b3e063761cd4a2065b8e0ff05102b98895671d4aec88b585eee3bf661c28938,5269.607477352859,759.7998442544639,4277.350511551162,17065.045709792998,0.0,0.0,0.0,4221.972428111477,4269393.90827647,2614070.68599155,479751.98778700834,675811.8298085793,675811.8298085823,0.8417077823392024,0.7414714783995069,3.026798367500305e-09,4.478759077593585e-15,3072114479.651786,782371729.0936437,422392583.5452687,2882629539.0217204,533680770.58872265,0.0,0.0,0.0,699404389.447376,0.0,2037534.0257773064,0.0,0.0,0.0,8394631025.374293,1771473.005429539,405695.4440916361,5088738.340397533,1252866.2392755677,2599086.766851226,2924473.1873148344,5523559.95416606,214.21515923896607,328900222.0712067,204780548.517516,3.98962995052852,4.0,0.0,0.0,0.0,1253799.4927447718,1398.49199940621,50938.35064443266,73.51493446422789,0.0,0.0,0.0,0.0,0.6758118298085823,8.394631025374293
8,0.14,0.9988390714013488,1.058007958565819,1.000057027850744,0.9631118266585166,0.9882777613152611,0.8337747271852037,1.058357163619257,5657.838537309519,9344.726782747704,563.0006206866138,1016.5539645004336,0.02559508708757894,0.9891088442165044,0.14562139375872168,R3D_revised_uncertainty_lhs,r3d_069_lhs008_capfix0p14,xinwu_k100,k100,repday_opt,base_with_storage_degradation,baseline,0.132434231503831,min_cost,scipy-linprog-highs,optimal,9749766442.330957,9749766442.33086,True,,36.043663099990226,2026-06-05T10:01:25.287234+00:00,f614d91,a28cc8aac549b344ebb887ac1c851f662ef090f9b950fb49a11d4ac18164a5df,5415.62272849953,798.0122963637544,7620.44868494599,30481.79473978396,0.0,0.0,0.0034628630024898,3211.088082575158,5102999.595607042,2567847.0746289697,661358.1516535741,675811.8298085793,675811.8298085779,0.8675657684961693,0.7368177270033783,0.0,0.0,2856533673.874775,782855895.2488607,597542654.1507981,4315692251.239807,536351927.61347926,0.0,0.0,0.0,657029278.5106214,241.5265413948825,3760520.166074978,0.0,0.0,0.0,9749766442.330956,907432.0697563136,578830.1471057025,5546653.976224247,1533645.268794068,3373517.245525796,3290667.5705847912,6664184.816110587,134.94397224131893,170570390.7360717,365781536.8774076,4.0,4.0,0.0,0.0,0.0,1068163.2332109374,1401.08899168478,94013.00415187444,155.85493270222284,0.0,0.0,0.0,0.0,0.6758118298085779,9.749766442330955
9,0.14,1.0995095869640787,1.1451585832306885,0.9314229789428762,0.7325462868481623,0.9833823076460657,1.0449924826835766,1.0129463724595547,6352.260462352916,10801.26425919237,505.8121833848068,1182.7068124805648,0.07748115553986673,1.1234812456747147,0.10842116957538679,R3D_revised_uncertainty_lhs,r3d_070_lhs009_capfix0p14,xinwu_k100,k100,repday_opt,base_with_storage_degradation,baseline,0.1257021071437955,min_cost,scipy-linprog-highs,optimal,30391297356029.918,30391297356029.895,False,load_shedding,33.50237790000392,2026-06-05T10:02:11.366889+00:00,f614d91,e48c07bed0046afd4d9c4aa0d4427c20a3fe450b02753d540447bcceacbf8ebd,5874.920559102603,646.0723492160562,8648.588955042931,34594.355820171724,0.0,0.0,0.0,4024.53945826388,5376296.747639176,2924207.056200574,859769.303975739,675811.8298085793,675811.8298085809,0.8742978928562042,0.7688905686840575,1.6298145055770872e-09,2.4116395033196225e-15,3479130282.360715,707415274.8689663,609275953.2022209,5698516913.616131,983241534.2177804,0.0,0.0,0.0,704849779.2661387,0.0,3021731.329827113,0.0,0.0,30379111904561.05,30391297356029.92,408611.8588999023,286037.92653105914,6112333.021659467,1415754.5614648692,3700813.584463027,3631411.398725407,7332224.983188434,131.21401282922417,568109264.3757198,415132269.8420607,4.0,4.0,0.0,0.0,0.0,1116049.418330531,1667.205405982114,75543.28324567783,155.27037172921837,0.0,0.0,0.0,0.0,0.6758118298085809,30391.29735602992
10,0.14,1.0154724726921698,1.1956138136397878,0.9252090362050569,0.8066910472034938,1.0443937715487919,0.8762965361974044,0.8818177779933994,5075.6273105886785,9487.953751705374,745.7361259808151,1386.3324489543959,0.04392035073888364,1.057924232972701,0.10473987900837475,R3D_revised_uncertainty_lhs,r3d_071_lhs010_capfix0p14,xinwu_k100,k100,repday_opt,base_with_storage_degradation,baseline,0.1563439230743862,min_cost,scipy-linprog-highs,optimal,9837998556.550997,9837998556.551004,True,,33.969750399992336,2026-06-05T10:02:57.972129+00:00,f614d91,e585257e9522f469ee582095ad8bdfed9297e98a0c68503a707730ee25cda25f,6095.781857876438,707.4101452599325,5535.540151259535,22142.160605038134,0.0,0.0,0.0,3374.847231445871,4322597.364318647,2206388.146852414,546551.5350528418,675811.8298085793,675811.8298085786,0.8436560769256138,0.6937022025010979,0.0,0.0,2884426912.2245736,701900470.4110779,574942856.9610474,4275302810.9041934,528022220.57733095,0.0,0.0,0.0,869971805.0614923,0.0,3431480.41127882,0.0,0.0,0.0,9837998556.550997,1406589.214294775,610022.2917624243,5314363.896115345,1368944.9918104724,2868967.7766361027,3103577.7268459317,5972545.5034820335,175.20747987324663,262316293.31687328,265705927.26045763,4.0,4.0,0.0,0.0,0.0,1282008.8662262894,1459.5377401075702,85787.0102819705,144.22604645920583,0.0,0.0,0.0,0.0,0.6758118298085786,9.837998556550996
11,0.14,0.9088624415513107,1.0076582702811685,1.0126462655904294,0.8778604237072537,1.0542130051732774,1.048214668473648,1.1884969607559848,4031.163047341746,11125.99866927718,699.2983646464032,1429.4658106455133,0.038121472479861765,1.0379691261796329,0.11794117328131533,R3D_revised_uncertainty_lhs,r3d_072_lhs011_capfix0p14,xinwu_k100,k100,repday_opt,base_with_storage_degradation,baseline,0.1296080025689815,min_cost,scipy-linprog-highs,optimal,9408627267.604563,9408627267.604557,True,,27.625391799985664,2026-06-05T10:03:38.202542+00:00,f614d91,1ab6cf227bb9946eeadca745106077e15a3e948bf931ebd875d21e1521de6d2e,5150.990379468434,739.5692004820307,6139.7629709576295,24559.05188383052,0.0,0.0,0.0,4036.9489387806175,5214275.480010508,2435216.4435967635,618317.4273326786,675811.8298085793,675811.8298085792,0.8703919974310185,0.7224838754741574,0.0,0.0,1935804519.2229388,828576622.0252224,597989575.3875108,4889504659.837738,511941071.8221375,0.0,0.0,0.0,641564151.1227558,0.0,3246668.1862593247,0.0,0.0,0.0,9408627267.604565,1266890.437881988,683659.1403738316,4949096.410601187,1404724.312771408,2832197.919994585,2866229.63499893,5698427.554993515,145.88458303260236,217232449.21617123,294708622.6059662,4.0,4.0,0.0,0.0,0.0,951199.9164595356,1416.0338522174272,81166.70465648311,136.951298934216,0.0,0.0,0.0,0.0,0.6758118298085791,9.408627267604565
12,0.14,1.04765220923268,1.1468043576461247,0.9355379680273036,1.165362265114102,1.0073976837192185,0.9417992177349132,1.0770012797177115,6332.781184669399,9350.671840457551,621.6808342366371,1498.374247197036,0.07989588567186244,1.0755842047272477,0.09240978430385419,R3D_revised_uncertainty_lhs,r3d_073_lhs012_capfix0p14,xinwu_k100,k100,repday_opt,base_with_storage_degradation,baseline,0.1240779667811026,min_cost,scipy-linprog-highs,optimal,7939258159607.784,7939258159607.775,False,load_shedding,27.888658600015333,2026-06-05T10:04:18.561560+00:00,f614d91,cdab74f6574cc3a4cb00206efefac61eeb7c688c59bdcf735474c13e41dfce8d,5848.946339095432,1006.8158610685516,8142.020050015607,32568.080200062428,0.0,0.0,0.0,3627.115195893631,5446670.729226577,3094357.376669568,726839.7758420308,675811.8298085793,675811.8298085795,0.8759220332188973,0.7815986495600097,2.3283064365386963e-10,3.4451992904566037e-16,3453126716.0001864,988161950.4833592,704983806.6645958,6796603803.263347,933659587.6580982,0.0,0.0,0.0,709205678.5341626,0.0,2932819.973415677,0.0,0.0,7925669485245.207,7939258159607.784,957840.2681058312,918219.7082429423,5562956.086715443,1798557.6805894205,3412519.6525095617,3381855.5608379524,6794375.213347514,129.7994669958881,542842625.257349,390816962.4007492,4.0,4.0,0.0,0.0,0.0,1049672.113741421,1510.2782124790572,73320.49933539194,128.41391811391588,0.0,0.0,0.0,0.0,0.6758118298085796,7939.258159607784
13,0.14,0.9000210201298103,0.8031393345783022,0.9687939225004807,0.7447033045757557,1.1038238991636782,0.9493592969384457,1.1466759702271696,5506.206311662747,9439.935017248432,509.29996933952776,1184.5984220892842,0.1066411648739476,1.1860004472546777,0.04633947755905265,R3D_revised_uncertainty_lhs,r3d_074_lhs013_capfix0p14,xinwu_k100,k100,repday_opt,base_with_storage_degradation,baseline,0.1356546463541529,min_cost,scipy-linprog-highs,optimal,27317071334061.4,27317071334061.453,False,load_shedding,24.435844999999972,2026-06-05T10:04:55.068800+00:00,f614d91,881fb6c32a6de7aa94a8b68ecb19f3272ace2d2c28444c7860e7586be61bc167,4115.947417863676,653.3391155519026,7143.962002348168,28575.848009392677,0.0,0.0,0.0,3656.231038893844,4981855.380347537,2464935.168824949,862999.9194621074,675811.8298085793,675811.8298085795,0.864345353645847,0.7258297750156473,2.3283064365386963e-10,3.4451992904566037e-16,2112820948.321742,645796404.6674728,506748277.5338049,4714653415.286731,960515042.9180408,0.0,0.0,0.0,651840809.2157633,0.0,1118591.5747215366,0.0,0.0,27307477840571.88,27317071334061.4,319136.77126648923,432572.9101082728,4432714.1409142725,1499135.2327320864,2857293.897769588,2934136.339656573,5791430.237426161,128.3486118544996,617604866.8053287,342910176.1127121,4.0,4.0,0.0,0.0,0.0,985891.6024546508,1483.587716382281,27964.78936803841,52.57330547539127,0.0,0.0,0.0,0.0,0.6758118298085796,27317.0713340614
14,0.14,0.9506522438251577,1.0435750608002516,0.9872185592383442,0.7633846340989411,0.8553924497367593,1.0269700677506368,1.0175751398909616,4850.470666067283,9005.258188934324,869.6079259695047,1123.5838393421413,0.0671084006026073,0.8878888049319986,0.01341136276871337,R3D_revised_uncertainty_lhs,r3d_075_lhs014_capfix0p14,xinwu_k100,k100,repday_opt,base_with_storage_degradation,baseline,0.1447237712009293,min_cost,scipy-linprog-highs,optimal,9337403094.580423,9337403094.580355,True,,31.47762389999116,2026-06-05T10:05:38.734086+00:00,f614d91,4fec67fcb81ee5d14ba26cda89ddfa6be93ce34d91d0eb3d22216a86f8565225,5339.671475198701,662.0487911154821,6566.74233160587,26266.96932642348,0.0,0.0,0.0,3955.13042304809,4669667.078190675,2591638.975512682,615486.1037350383,675811.8298085793,675811.8298085799,0.8552762287990705,0.7392338067940618,5.820766091346741e-10,8.61299822614151e-16,2414564530.2185307,631893656.9084849,795340247.7662903,4110502779.386655,735718564.3331594,0.0,0.0,0.0,648901748.7224929,0.0,481567.244809871,0.0,0.0,0.0,9337403094.580423,851755.8325990367,345184.4998631793,5430121.213260236,1171720.7935521826,3151257.0414805403,3114947.020008296,6266204.061488836,148.2349838926216,420514932.4160777,315203631.9170818,4.0,4.0,0.0,0.0,0.0,1110972.7090076555,1350.4258413581742,12039.181120246776,16.713950046320118,0.0,0.0,0.0,0.0,0.6758118298085799,9.337403094580424
15,0.14,1.0831988424798582,1.1167419248366783,1.016847469040814,0.9493028780464794,1.1325632506152132,0.8067015881004981,1.1624787566245025,4696.105295449898,11310.049112070363,844.2107041265592,1224.3298322266292,0.09949986277403776,1.0460206528049936,0.04338913336047835,R3D_revised_uncertainty_lhs,r3d_076_lhs015_capfix0p14,xinwu_k100,k100,repday_opt,base_with_storage_degradation,baseline,0.1111820931474562,min_cost,scipy-linprog-highs,optimal,17363740273401.21,17363740273401.158,False,load_shedding,36.2165471999906,2026-06-05T10:06:27.137069+00:00,f614d91,8de359d1ca1cf01761679e81c28037d87c8b95d5b517bde088842ded509986f9,5717.726035616577,810.2198990433131,8493.521630794103,33974.08652317641,0.0,0.0,3.762408005761138,3110.5812858001764,6078423.338480214,3071015.8080058643,796394.6654800667,675811.8298085793,675811.8298085788,0.8888179068525438,0.7799386678353144,0.0,0.0,2503234667.3656774,919395430.1391624,998661130.6547028,5793295955.946227,1124005131.5757694,0.0,0.0,0.0,598901047.0704507,262419.100118755,1580565.302929367,0.0,0.0,17351800937054.057,17363740273401.21,962570.8265038766,721984.4974897491,5965953.35494204,1735939.378119985,3650125.196826144,3549041.4485027264,7199166.645328871,130.5789872408212,716316093.2976524,407689038.27811694,4.0,4.0,0.0,0.0,0.0,972489.3494536964,1165.1285263978734,39514.13257323417,63.753819868867325,0.0,0.0,0.0,0.0,0.6758118298085788,17363.74027340121
16,0.14,0.995421142848046,0.9320184995845086,1.0237799461321786,0.8909826766660509,0.8896059946465299,1.0399269966652618,0.9239469667490098,5747.172890166641,11359.70840353523,980.621601235373,1287.9048283525758,0.10151843059753145,1.1980350762462715,0.11057584103195921,R3D_revised_uncertainty_lhs,r3d_077_lhs016_capfix0p14,xinwu_k100,k100,repday_opt,base_with_storage_degradation,baseline,0.1522208415228463,min_cost,scipy-linprog-highs,optimal,2573359539620.3647,2573359539620.3633,False,load_shedding,39.14877960001468,2026-06-05T10:07:19.149972+00:00,f614d91,655d01771cfb5686afd8403d1ee0251ab703fbadd6868d1f2ab4024ca04bc918,4783.355111217663,775.1690271159354,7845.653227271323,31382.61290908529,0.0,0.0,0.0,4005.0309462948367,4439680.027042478,2260021.8130470305,689958.3205300245,675811.8298085793,675811.829808579,0.8477791584771537,0.7009711030631918,0.0,0.0,2562874158.14914,882632808.7019234,1071544125.1955467,5629273721.458383,1043204861.0344856,0.0,0.0,0.0,953119272.9320986,0.0,3496750.579733373,0.0,0.0,2561213393922.313,2573359539620.3647,461930.6413598468,385054.4228100255,5373875.069330538,1462074.3345305056,3306764.9268405293,3259663.4763746765,6566428.403215206,129.83556714261834,666613506.1254622,376591354.9090235,4.0,4.0,0.0,0.0,0.0,1223553.1372122625,1474.9876117827766,87418.76449333433,141.63570841473347,0.0,0.0,0.0,0.0,0.6758118298085789,2573.3595396203646
17,0.14,0.9278926422078781,1.1725000500915133,1.0617434723120927,0.7949969532727493,0.9619465563012523,0.824517801023772,0.9482156125901361,5933.895017768225,10624.364817336389,588.944170780521,1456.0325513298521,0.029693131807744636,0.8506078049616584,0.13282084418836426,R3D_revised_uncertainty_lhs,r3d_078_lhs017_capfix0p14,xinwu_k100,k100,repday_opt,base_with_storage_degradation,baseline,0.1591194286157666,min_cost,scipy-linprog-highs,optimal,7448336127.697174,7448336127.697119,True,,41.56878589998814,2026-06-05T10:08:13.498093+00:00,f614d91,bde550e6e1c6fdc1cfd8a8a94cac5c7e3f63b0f5d8e0c488e764fd88fef6318f,5153.168058516608,479.41108566528175,3519.266025873555,14077.06410349422,0.0,0.0,0.0,3175.4337751211538,4247198.696524325,2598132.361168865,384225.483625091,675811.8298085793,675811.8298085772,0.8408805713842339,0.7398855270389155,0.0,0.0,2850719989.6591554,518295731.8190759,288672703.6610341,2854714413.1086025,330514288.57680726,0.0,0.0,0.0,601315350.3328242,0.0,4103650.539674418,0.0,0.0,0.0,7448336127.697174,1399008.637357022,195585.79173374444,5121109.856690199,1039684.7193062094,2651147.007017556,2790836.020610753,5441983.027628309,247.8176557352972,161589519.3348766,168924769.24193063,4.0,4.0,0.0,0.0,0.0,1192237.4982789457,1501.4072032809304,102591.26349186045,173.01529848527426,0.0,0.0,0.0,0.0,0.6758118298085772,7.448336127697174
18,0.14,0.9605983044789259,0.9000033627387974,0.9200553810452833,1.1123980575533006,0.8784032335220252,0.9319505019001311,0.8162971640883016,4085.6183600803324,11792.208271136493,895.7748130442455,1051.1535230192185,0.08746862814597932,1.128019445021236,0.008426415494400796,R3D_revised_uncertainty_lhs,r3d_079_lhs018_capfix0p14,xinwu_k100,k100,repday_opt,base_with_storage_degradation,baseline,0.1785409900707234,min_cost,scipy-linprog-highs,optimal,9500414293.486418,9500414293.486437,True,,42.875474700005725,2026-06-05T10:09:08.385514+00:00,f614d91,ee29d6d0e915f9ac55ec7af43dbf5c7d289197ac272b32fe11d2cf588e38bc13,4624.610128187986,760.6899948125614,7032.949408155438,28131.79763262175,0.0,0.0,0.0,3589.18521443719,3785191.454023401,1785696.986794218,640333.4096740253,675811.8298085793,675811.8298085799,0.8214590099292765,0.6215417090321496,5.820766091346741e-10,8.61299822614151e-16,1761462163.2453732,891882967.9680861,877436781.0154804,4118538499.4543614,884637996.2877553,0.0,0.0,0.0,966130868.765998,0.0,325016.7493635462,0.0,0.0,0.0,9500414293.486418,329933.747768975,236456.6200406723,4740564.983561463,1553344.1365087265,3088158.0792245283,3166157.739966021,6254315.81919055,140.68411932439625,547056424.6962942,337581571.591461,4.0,4.0,0.0,0.0,0.0,1384910.127730416,1930.8097710140275,8125.418734088656,9.738377982263131,0.0,0.0,0.0,0.0,0.6758118298085799,9.500414293486418
19,0.14,0.9384985695556683,0.8166482895694674,1.006928751560922,0.922884075459242,1.09221151518324,0.8699079121300284,0.975057905126255,5752.4898329458065,11668.532251901957,616.078245877763,1249.4481219569009,0.05429556322638558,1.0614482422622773,0.07279310258829316,R3D_revised_uncertainty_lhs,r3d_080_lhs019_capfix0p14,xinwu_k100,k100,repday_opt,base_with_storage_degradation,baseline,0.1529903433124494,min_cost,scipy-linprog-highs,optimal,7964479916119.311,7964479916119.325,False,load_shedding,41.41380380000919,2026-06-05T10:10:02.115655+00:00,f614d91,99bba58e3b801a25fff8468df06390d22c0a3ed1a100d2b49ac22719c2b9ba4a,4193.536300605614,794.332538387701,7550.846761184729,30203.38704473892,0.0,0.0,0.0,3350.242968669605,4417349.586753857,2243354.2201674,722174.5451582107,675811.8298085793,675811.8298085779,0.8470096566875509,0.698749388869071,0.0,0.0,2248933754.566112,923642714.268962,647904543.844322,5255975979.870903,689545809.5950854,0.0,0.0,0.0,767384597.1443257,0.0,2230846.394062091,0.0,0.0,7953944297873.627,7964479916119.311,457333.6814544137,629834.2105942637,4574667.463297339,1694037.5655430912,2976912.780496448,3047615.6638324577,6024528.444328905,126.12888660956143,327105165.0582184,362440644.53686696,4.0,4.0,0.0,0.0,0.0,1159416.485769756,1482.070878236134,55771.15985155228,84.75286823777977,0.0,0.0,0.0,0.0,0.6758118298085779,7964.4799161193105
20,0.14,1.0346859852112638,1.0031652235315904,1.021137762385039,0.9371314440313373,0.9396482851318847,0.9128982686966692,1.1092838645807894,4306.5331376687955,9740.493534552672,651.8221509101742,1062.3326689976095,0.07122315309459613,1.148443020380487,0.09617962013718934,R3D_revised_uncertainty_lhs,r3d_081_lhs020_capfix0p14,xinwu_k100,k100,repday_opt,base_with_storage_degradation,baseline,0.1219766719900735,min_cost,scipy-linprog-highs,optimal,20081408363882.273,20081408363882.285,False,load_shedding,30.94330519999494,2026-06-05T10:10:45.565060+00:00,f614d91,39ee737d242cee0ad004ddba7dcd249f6de1a507c0ccabb15053b5bd4f37491e,5144.75948869213,793.4702760912173,8201.761975613046,32807.047902452185,0.0,0.0,0.0,3515.810079624287,5540500.644775556,2448930.848493617,808911.1566105592,675811.8298085793,675811.8298085795,0.8780233280099263,0.7240380102099315,2.3283064365386963e-10,3.4451992904566037e-16,2065538367.9942324,802965610.2912672,744587552.4137294,4854082855.29149,883293294.1235313,0.0,0.0,0.0,674417221.2094462,0.0,2599185.363979001,0.0,0.0,20071380879795.586,20081408363882.277,594207.4029241388,443380.29165605566,5666321.091422942,1553716.1844272877,3479545.511279481,3394746.036074843,6874291.547354325,129.3451503991121,489608719.2941052,393684574.8294262,4.0,4.0,0.0,0.0,0.0,1019124.3611126832,1392.13829676197,64979.63409947504,131.37413618001716,0.0,0.0,0.0,0.0,0.6758118298085796,20081.408363882278
21,0.14,0.9894105622198132,1.0896227496090747,0.9138680216283227,1.0812309297957912,1.035072197992124,1.0715882193153052,1.0300691348436366,4430.601691237967,11171.191481981934,988.0896610290755,1226.8304100447187,0.10470047345577212,1.012501895440992,0.11335748281730954,R3D_revised_uncertainty_lhs,r3d_082_lhs021_capfix0p14,xinwu_k100,k100,repday_opt,base_with_storage_degradation,baseline,0.1373678534279598,min_cost,scipy-linprog-highs,optimal,11338611040.821995,11338611040.822063,True,,36.08664100000169,2026-06-05T10:11:34.405741+00:00,f614d91,4a11d30d2005d4797d8c7aa77344c30e81e802a1c0fbd2c8de1bc9d8d160d902,5584.736373067788,917.7636592680008,7594.615523021293,30378.46209208517,0.0,0.0,0.0,4126.96659842963,4919723.304572108,2631474.257825524,670092.2254447804,675811.8298085793,675811.8298085782,0.8626321465720405,0.7431812879039812,0.0,0.0,2306777902.072153,1031461405.0507658,1045157262.9083482,5190746402.830071,1030719121.5719494,0.0,0.0,0.0,730509377.8660629,0.0,3239568.522643657,0.0,0.0,0.0,11338611040.821997,900231.1343932654,834219.0808409611,5181787.416217356,1710293.2388647993,3181399.543894033,3181299.252767436,6362698.796661468,130.90274464537055,666177576.4669273,364541545.1050221,4.0,4.0,0.0,0.0,0.0,1097497.4121082774,1349.8322738212464,80989.21306609141,147.1051624183405,0.0,0.0,0.0,0.0,0.6758118298085782,11.338611040821997
22,0.14,0.9120033440638351,1.1813051002438668,0.9081049282408552,0.8123533647016127,0.8030388849409458,1.0550475008047793,1.122181074624521,6173.403794507386,10763.467552110986,570.1972836499796,1437.9115084885184,0.013564161307335634,0.9021265095293179,0.14858336078415887,R3D_revised_uncertainty_lhs,r3d_083_lhs022_capfix0p14,xinwu_k100,k100,repday_opt,base_with_storage_degradation,baseline,0.1367945098487662,min_cost,scipy-linprog-highs,optimal,10049946090.767782,10049946090.767921,True,,37.650067000009585,2026-06-05T10:12:24.729817+00:00,f614d91,65153355fdab980e41c2090ba7d5942a33771de13cc350cc95cdb00e7754b5c5,6029.1589653705,623.6530143011593,5627.141383632544,22508.56553453017,0.0,0.0,0.0,4063.263963801392,4940343.2239767965,3138520.174985719,560836.0224097234,675811.8298085793,675811.8298085828,0.863205490151233,0.7846718223464477,3.492459654808044e-09,5.167798935684905e-15,3469938803.601404,681023318.5768747,446881592.8338726,4507746379.668525,348873498.4992436,0.0,0.0,0.0,592145342.3382863,0.0,3337155.2495789737,0.0,0.0,0.0,10049946090.767782,1260570.134142935,266524.9806530231,5264036.749335224,1074950.2509442233,2894625.35552224,2912642.067807619,5807267.423329859,161.7518708233185,78770712.08488157,270102786.4143621,4.0,4.0,0.0,0.0,0.0,1007411.5803118248,1239.3743016408196,83428.88123947434,133.75948718575293,0.0,0.0,0.0,0.0,0.6758118298085828,10.049946090767783
23,0.14,1.0114416151729997,1.083480803339522,0.9995014363999789,1.052042033680995,1.1584927464152228,1.143275828428669,0.869011072795537,6105.619172792056,10560.307880203369,940.1367507579785,1340.5576269499447,0.06825791079708844,1.019000146551141,0.06369750070528209,R3D_revised_uncertainty_lhs,r3d_084_lhs023_capfix0p14,xinwu_k100,k100,repday_opt,base_with_storage_degradation,baseline,0.159280246253284,min_cost,scipy-linprog-highs,optimal,9877545469.865255,9877545469.865177,True,,33.48983030000818,2026-06-05T10:13:10.718730+00:00,f614d91,d124b50920090d6b8a44d47ed91ada3fa6cc27b304c3586a598f4623545b2041,5511.222005723999,902.8818038613668,4893.82813693812,19575.31254775248,0.0,0.0,0.0,4403.054337170513,4242910.503377286,2318165.751934768,531292.5174524174,675811.8298085793,675811.8298085816,0.8407197537467155,0.7084713078672045,2.3283064365386963e-09,3.445199290456604e-15,3137025252.1290536,971589509.9324791,640795183.5214831,3654884759.6477113,615447728.0793555,0.0,0.0,0.0,855576638.0914972,0.0,2226398.463674439,0.0,0.0,0.0,9877545469.865255,1681736.3433558098,1190959.263157654,4882631.527097509,1610777.1654507758,2601011.245564191,2974078.484878569,5575089.7304427605,189.9125797879045,380543977.5063258,234903750.57302976,4.0,4.0,0.0,0.0,0.0,1300901.962211815,1601.5125138796066,55659.96159186098,84.27783268052282,0.0,0.0,0.0,0.0,0.6758118298085816,9.877545469865256
24,0.14,0.9645125987877211,1.0795635377994288,0.9416659276934027,1.2941746421418534,0.932191786959355,1.0120409380109399,0.9922860096154134,5987.17580192873,11806.680275497736,765.4339739023771,1317.1323167335377,0.015446635988623862,0.8921906208413114,0.14036480882295005,R3D_revised_uncertainty_lhs,r3d_085_lhs024_capfix0p14,xinwu_k100,k100,repday_opt,base_with_storage_degradation,baseline,0.1462794329072819,min_cost,scipy-linprog-highs,optimal,10271748337.183277,10271748337.183403,True,,43.52032979999785,2026-06-05T10:14:07.220193+00:00,f614d91,12a665208801d851ff1a9a15cf1b9d66549455c8ad2183e6db8a84db3d18342b,5526.687487134307,984.4636198990185,5940.543958029572,23762.17583211829,0.0,0.0,0.0,3897.634438425638,4620005.809271474,2771635.029206166,588577.9773227496,675811.8298085793,675811.8298085785,0.8537205670927183,0.7561685349307552,0.0,0.0,3084802147.176763,1155364388.6359718,633305768.1635895,4359082674.9919405,373365462.5454772,0.0,0.0,0.0,662662055.6399107,0.0,3165840.029625759,0.0,0.0,0.0,10271748337.183275,1349006.8309121022,872587.3627993879,4852872.999248293,1585560.4907288025,2750263.6684430637,2960970.3261321667,5711233.9945752295,155.76069017477943,88219352.56005776,285146109.98541945,4.0,4.0,0.0,0.0,0.0,1139286.6560938996,1585.2972966967943,79146.00074064398,134.5980265670037,0.0,0.0,0.0,0.0,0.6758118298085785,10.271748337183276
25,0.14,1.0869531632094838,0.8484883594351976,1.0451732405755272,1.0937691179146967,0.9168461586022768,1.150709947363087,0.9358781221567118,5427.241152927026,11588.265436425187,601.9906504042358,1129.3685335783016,0.0016028808282170287,0.9323387174556754,0.12391043818651441,R3D_revised_uncertainty_lhs,r3d_086_lhs025_capfix0p14,xinwu_k100,k100,repday_opt,base_with_storage_degradation,baseline,0.1376251832694064,min_cost,scipy-linprog-highs,optimal,42284815456120.93,42284815456121.16,False,load_shedding,24.103968199982774,2026-06-05T10:14:43.657799+00:00,f614d91,b00f3c9e1ec77765d804bbeddfd5becfede51f7e75d3ea35d902ebef1dd0ff6f,4361.769492819709,761.2931611866007,8880.438144864636,35521.752579458545,0.0,0.0,0.0,4431.685074218648,4910524.467645231,2623927.4613058395,912323.249638149,675811.8298085793,675811.8298085784,0.8623748167305938,0.7424426399835574,0.0,0.0,2206897823.379756,880444657.2945762,744566744.7743275,5587397426.403851,437545816.3313791,0.0,0.0,0.0,608598531.5242075,0.0,2841092.136943924,0.0,0.0,42274347164029.086,42284815456120.93,145409.57834443665,66730.74061017386,5287251.041383388,1802881.1247000892,3492005.9618816306,3548308.6886025453,7040314.650484175,124.86393656483236,11284785.377876556,426261030.95350254,4.0,4.0,0.0,0.0,0.0,1207954.5220891514,2015.6843903215624,71027.30342359809,157.26075488492606,0.0,0.0,0.0,0.0,0.6758118298085783,42284.81545612093
26,0.14,0.9737313843172397,0.8646489530580754,0.9034529878743855,1.1028028303872752,0.8633529824358357,1.1053660630280797,0.9615846077694803,5292.9188895428415,10105.1819399325,943.3300813018009,1264.454608459965,0.008938076843100416,0.9400361229099174,0.09468879760969202,R3D_revised_uncertainty_lhs,r3d_087_lhs026_capfix0p14,xinwu_k100,k100,repday_opt,base_with_storage_degradation,baseline,0.1495207126527727,min_cost,scipy-linprog-highs,optimal,28882008432471.133,28882008432471.027,False,load_shedding,47.215768499998376,2026-06-05T10:15:43.455764+00:00,f614d91,4e2b4de8be39efd8dba7682365e3ec0f07891d2af27e10e1387978748d139a83,4443.948054686897,958.4656391431928,7802.033552008155,31208.13420803262,0.0,0.0,0.0,4257.053912060855,4519854.258439736,2513852.111558773,841773.9402116204,675811.8298085793,675811.8298085798,0.8504792873472271,0.7311648419168434,4.656612873077393e-10,6.890398580913207e-16,2192828206.651414,997278916.1574904,1025064025.930283,5496048338.733696,429135377.1003079,0.0,0.0,0.0,619510829.4722414,0.0,2036987.148576154,0.0,0.0,28871246529789.938,28882008432471.133,296589.79737665603,484055.1148317646,4487905.312789251,1732446.229853321,2967389.5664454256,3145532.437138938,6112922.003584364,125.99008707837592,54637766.6039164,374497610.4963915,4.0,4.0,0.0,0.0,0.0,1175661.715723427,1785.0317822965349,50924.67871440385,110.88254166757848,0.0,0.0,0.0,0.0,0.6758118298085798,28882.00843247113
27,0.14,1.0853940732314187,0.9615182627545154,1.0291607410969257,0.8237163030833261,1.0146147402482475,0.9820877401917784,1.1410790877064538,6127.29412438974,10973.471721307938,910.3278956761544,1041.3622802245657,0.022275556905391482,0.884674637015185,0.10531143730396535,R3D_revised_uncertainty_lhs,r3d_088_lhs027_capfix0p14,xinwu_k100,k100,repday_opt,base_with_storage_degradation,baseline,0.1130381036488857,min_cost,scipy-linprog-highs,optimal,48850023557188.375,48850023557188.234,False,load_shedding,41.07165800000075,2026-06-05T10:16:37.238303+00:00,f614d91,19cba8b68ba3c3d0585e2db21d1b225813485e8d84c3aa951cabb6060ba54919,4936.0272431498215,706.1876783629403,8547.327841696722,34189.31136678689,0.0,0.0,0.0,3782.276836795024,5978619.668884024,3388394.5032480382,1008963.1759728296,675811.8298085793,675811.8298085791,0.8869618963511143,0.8005510193217581,0.0,0.0,2819594614.27276,782751614.3914412,1083696594.3874807,4958744039.211164,567530685.0796952,0.0,0.0,0.0,453888561.8613741,0.0,2828246.1234546797,0.0,0.0,48839354522833.05,48850023557188.375,386684.211332277,327542.7836376514,5667035.954548528,1591675.447736309,3516499.171535111,3543209.7886565984,7059708.96019171,129.54376846920934,157258948.67825255,410271736.40144265,4.0,4.0,0.0,0.0,0.0,990727.305375286,1753.2902589180433,70706.15308636698,144.02665109964704,0.0,0.0,0.0,0.0,0.675811829808579,48850.023557188375
28,0.14,0.953515540389322,0.9834314091802343,0.9500115662577228,0.9512375785513856,0.8831011317761341,1.1698138557142599,0.9180184962175111,4945.017663354026,10537.115184623377,703.2909719341702,1475.8019545237216,0.08995866330733467,0.9905886865210534,0.058988734585733366,R3D_revised_uncertainty_lhs,r3d_089_lhs028_capfix0p14,xinwu_k100,k100,repday_opt,base_with_storage_degradation,baseline,0.1599369588154902,min_cost,scipy-linprog-highs,optimal,10763469761.070715,10763469761.070827,True,,36.195025000022724,2026-06-05T10:17:25.827901+00:00,f614d91,58e1d10e54b9e72153a2c769c63fc5d93c7241b0e8f3b1596946725e4ec83e46,5044.338337425451,821.6162652736923,6427.472874332603,25709.891497330413,0.0,0.0,0.0,4505.259223545454,4225488.81017691,2355303.469421043,622185.8775893138,675811.8298085793,675811.8298085791,0.8400630411845098,0.7130680446988429,0.0,0.0,2325479159.2658143,882649158.8874218,629585605.7184149,5284547673.938907,845584666.2966988,0.0,0.0,0.0,793643979.3748759,0.0,1979517.5885808475,0.0,0.0,0.0,10763469761.070717,742158.02188239,543034.9442688973,4968612.166080004,1400456.025290883,2935519.459051934,3034622.254747239,5970141.713799173,147.54157242662512,537065968.3287338,308518697.96796495,4.0,4.0,0.0,0.0,0.0,1231454.719530672,1660.418104563401,49487.939714521184,71.71590881389162,0.0,0.0,0.0,0.0,0.675811829808579,10.763469761070716
29,0.14,1.0670065788818108,0.9587357203442419,0.962627941219338,0.9705122896369145,0.8503361978411733,0.9610382295992956,0.8883402690515578,5548.169277472221,9229.654399303887,964.1112367355345,1200.6924445998088,0.05605066775939269,1.1408728743790313,0.08103483822239428,R3D_revised_uncertainty_lhs,r3d_090_lhs029_capfix0p14,xinwu_k100,k100,repday_opt,base_with_storage_degradation,baseline,0.1477003706880283,min_cost,scipy-linprog-highs,optimal,29172564559355.832,29172564559355.81,False,load_shedding,46.979787700023735,2026-06-05T10:18:25.341832+00:00,f614d91,f1ac2f1634436d706631a1776159823221f96179fb1ba597c1f5f88de41e5b6a,4923.916015172128,853.1844498488076,8308.662813491668,33234.65125396667,0.0,0.0,0.1938610195334066,3701.4035252172575,4575559.469894791,2290976.422798892,830670.779767127,675811.8298085793,675811.829808583,0.8522996293119708,0.7050114426830538,3.725290298461914e-09,5.512318864730566e-15,2546834570.361833,829300040.8101842,1115675187.1001654,5557793402.821246,780846426.177638,0.0,0.0,0.0,823363778.8835394,13521.349682480632,2242383.024153985,0.0,0.0,29160908490045.305,29172564559355.832,306381.992837313,348230.13772770297,5342086.138884325,1595055.5660024,3350545.272262416,3465263.109717461,6815808.381979876,130.33321318904578,382030611.130038,398815815.0476,4.0,4.0,0.0,0.0,0.0,1272595.928799327,1626.2028514099811,56059.57560384963,114.4534405851114,0.0,0.0,0.0,0.0,0.675811829808583,29172.564559355833
30,0.14,1.0309843590036198,1.1012560337193664,1.056887957138873,1.1935595040696299,0.8364330833122788,1.0813645316094935,1.0218940143298239,4607.436945197184,9599.155901581582,974.0820035211652,1174.9760991658309,0.004755531860640022,1.0511406693504834,0.1389404941032501,R3D_revised_uncertainty_lhs,r3d_091_lhs030_capfix0p14,xinwu_k100,k100,repday_opt,base_with_storage_degradation,baseline,0.1328832023844167,min_cost,scipy-linprog-highs,optimal,9809625322.030096,9809625322.030119,True,,40.01553750000312,2026-06-05T10:19:18.132778+00:00,f614d91,aa63c48e4e698cbfdf9e8b9e94d15385bd4ae6bad7e1435b06435b93a32d9b48,5629.86495335584,882.8528905852032,6871.785208994967,27487.140835979862,0.0,0.0,0.0,4164.617734907885,5085758.152136707,2325094.2193837306,600842.766192075,675811.8298085793,675811.8298085803,0.867116797615583,0.709340024083968,1.0477378964424131e-09,1.5503396807054717e-15,2418230943.663308,883656696.172838,932276186.9392208,4498193102.902304,361461927.5691633,0.0,0.0,0.0,712484932.4917507,0.0,3321532.2915110816,0.0,0.0,0.0,9809625322.030096,1345563.0349819474,513835.08383413753,5745127.137984125,1464148.135161561,3319337.0726235523,3328970.3015909065,6648307.374214458,151.38762164530866,31616237.537404865,329845690.0317584,4.0,4.0,0.0,0.0,0.0,1106277.3574663785,1708.4276455477582,83038.30728777703,144.7655219968356,0.0,0.0,0.0,0.0,0.6758118298085803,9.809625322030096
31,0.14,0.9729672237669313,0.8256030794755661,1.0989814884532554,1.0754917246066527,0.9251205125380735,0.857131619047654,0.8603262219915258,5793.995952485891,9641.57643299545,724.0263573460775,1073.8292850526734,0.09739696271305118,0.9539872437885296,0.09985175464601374,R3D_revised_uncertainty_lhs,r3d_092_lhs031_capfix0p14,xinwu_k100,k100,repday_opt,base_with_storage_degradation,baseline,0.1672502102937814,min_cost,scipy-linprog-highs,optimal,9432684905.090225,9432684905.090206,True,,42.228283900010865,2026-06-05T10:20:13.197597+00:00,f614d91,6609e99f4bdf351e2f485892a4f52c13c1c1f22f9bb53b88d649433009e513cc,4237.489234253907,902.9450898509552,6510.698046042344,26042.79218416937,0.0,0.0,0.0,3301.038121273656,4040723.3486970793,2206270.1881144783,617116.4780151303,675811.8298085793,675811.829808579,0.8327497897062186,0.6936858262196159,0.0,0.0,2288901963.414343,906763538.7620444,656540355.1220752,3894953563.476295,887749981.9611433,0.0,0.0,0.0,794606594.3355263,0.0,3168908.018799705,0.0,0.0,0.0,9432684905.090223,776896.9307755943,657584.1827021412,4772688.836386012,1579914.089789552,2858021.1683508498,3048081.64766673,5906102.81601758,146.3015959517374,575236475.7511108,312513506.21003246,4.0,4.0,0.0,0.0,0.0,1314034.35218628,1589.4191756491452,79222.7004699926,130.2880976330005,0.0,0.0,0.0,0.0,0.6758118298085789,9.432684905090223
32,0.14,1.0728768710949783,1.0375227121948092,0.9283651690110905,0.705718614097808,1.1878127055947787,1.0611069973168699,1.1362124275890992,5103.942917436946,10313.056025438347,670.6928724107906,1342.9210886570681,0.09182621210913362,1.019376723709037,0.027844169402495962,R3D_revised_uncertainty_lhs,r3d_093_lhs032_capfix0p14,xinwu_k100,k100,repday_opt,base_with_storage_degradation,baseline,0.1148467192859894,min_cost,scipy-linprog-highs,optimal,49553935441665.27,49553935441665.12,False,load_shedding,25.401731399993878,2026-06-05T10:20:50.740416+00:00,f614d91,63dbf0d60e82f03ad39d05ced53a21b5e3f6ae19c675d0337977408c7c0625de,5315.078901546234,625.2418176160842,8431.158647078777,33724.63458831511,0.0,0.0,0.0,4086.6006702506993,5884467.871700224,3181182.6358051696,1012315.3651294566,675811.8298085793,675811.8298085788,0.8851532807140107,0.7875595628486988,0.0,0.0,2529041296.07714,660728372.1001376,787572326.5240355,6307790224.936473,1047133005.7634208,0.0,0.0,0.0,528127816.4724104,0.0,848318.4986951265,0.0,0.0,49542074200304.9,49553935441665.27,361855.9379292901,383188.9215828546,5518317.509096724,1606105.3901415851,3473788.9782347027,3522442.010147083,6996230.988381786,130.5589390791923,642437390.7036395,404695615.0597813,4.0,4.0,0.0,0.0,0.0,994970.8191295532,1987.3506047929611,21207.96246737816,43.85129275533933,0.0,0.0,0.0,0.0,0.6758118298085788,49553.93544166527
33,0.14,1.0588628775049167,0.8313584199143919,1.0723253340023693,1.2254931299772467,1.118324020173704,0.8853388290100929,1.1327162511063695,6044.973440160369,9885.12628393347,785.1382206121053,1469.1636719200492,0.0339362408482111,1.0336483736807969,0.015632858510750806,R3D_revised_uncertainty_lhs,r3d_094_lhs033_capfix0p14,xinwu_k100,k100,repday_opt,base_with_storage_degradation,baseline,0.1167258814315576,min_cost,scipy-linprog-highs,optimal,40307261159639.89,40307261159640.17,False,load_shedding,22.562172700010706,2026-06-05T10:21:25.273846+00:00,f614d91,a6cbf1d7e5db23f91b8670ec86887472dbe6a5b2a238a937bffc625db896b048,4258.263039283296,1052.8913995697185,8742.084685904996,34968.338743619985,0.0,0.0,2.113074108256016,3411.7845409633505,5789734.21764086,3023777.517862666,948660.9385355162,675811.8298085793,675811.8298085807,0.8832741185684421,0.776500808734674,1.3969838619232178e-09,2.067119574273962e-15,2399757061.773283,1077403751.9305954,955961988.222776,7155247766.378884,648987952.728907,0.0,0.0,0.0,548619484.7025123,147381.94399004485,433032.18865876703,0.0,0.0,40294474601220.02,40307261159639.89,601351.1033475333,991663.9250691254,4840173.963325936,2162282.3318916075,3305963.598061041,3452825.2976029264,6758788.895663967,123.42684202552007,229367887.8054671,419620064.9234399,4.0,4.0,0.0,0.0,0.0,998041.8385269076,1550.4748499274046,10825.804716469174,19.61216895241053,0.0,0.0,0.0,0.0,0.6758118298085807,40307.26115963989
34,0.14,1.061154055246214,0.8409688142138041,1.036918468010743,0.7540549212069223,1.1663703378942087,1.1915168214223548,0.8300555858825055,5035.239464898369,10357.6623605734,538.257665343494,1409.4746308983763,0.03020830036439485,1.1724620314003213,0.08997594282877293,R3D_revised_uncertainty_lhs,r3d_095_lhs034_capfix0p14,xinwu_k100,k100,repday_opt,base_with_storage_degradation,baseline,0.1589433786069437,min_cost,scipy-linprog-highs,optimal,26714841229488.75,26714841229488.742,False,load_shedding,33.1171892999846,2026-06-05T10:22:10.692432+00:00,f614d91,db9c47673051043a09f596e8c97e949f53c41e3f13147b40107732f9c1e41da0,4320.581611010123,662.1949442284734,8267.0034361316,33068.0137445264,0.0,0.0,0.0,4588.843022760232,4251903.009308847,2027394.2321716803,808316.460436,675811.8298085793,675811.8298085774,0.8410566213930567,0.66665988336927,0.0,0.0,2028162454.305675,702089497.6755702,619751856.9145383,6491497110.148946,597985176.3158697,0.0,0.0,0.0,912833036.3915988,0.0,2379090.783090825,0.0,0.0,26703486531266.21,26714841229488.75,283319.8541812296,371950.5839324494,5055538.579269403,1696882.1756762457,3236000.3153162976,3423394.9156269743,6659395.230943272,129.40733839032112,201169011.38155296,396816164.9343168,4.0,4.0,0.0,0.0,0.0,1361954.8244851208,1893.736401814635,59477.26957727063,119.86867973673128,0.0,0.0,0.0,0.0,0.6758118298085775,26714.84122948875
35,0.14,0.9847186427159138,1.159345239395118,1.088829410701563,1.1776084057795277,1.0983740318958801,1.0795451373902842,0.8225395641505157,4355.366037123258,11722.794069087662,798.701870337607,1271.2917013611557,0.06372530682583222,0.9034006531954927,0.041433014564908686,R3D_revised_uncertainty_lhs,r3d_096_lhs035_capfix0p14,xinwu_k100,k100,repday_opt,base_with_storage_degradation,baseline,0.1728459025055015,min_cost,scipy-linprog-highs,optimal,6776141508.312837,6776141508.312855,True,,27.16733390002628,2026-06-05T10:22:50.061636+00:00,f614d91,7acf5bf1d3e2f7d7d8354fd4fbc9e2e42325278a6870e8ed05991afcb6d233c3,5184.614572651279,445.7968054405572,3509.509273142274,14038.037092569097,0.0,0.0,0.0,4157.61077175104,3909909.462777509,2006389.5423178184,379181.74208481074,675811.8298085793,675811.8298085794,0.8271540974944984,0.6631701792923677,1.1641532182693479e-10,1.7225996452283019e-16,2105142662.923179,520260790.5965517,390400702.89357615,2485599156.463107,529962426.4235995,0.0,0.0,0.0,743181217.1318085,0.0,1594551.881016178,0.0,0.0,0.0,6776141508.312837,1351350.267372104,190938.49077984053,5375904.918472796,1120627.8601759614,2796110.8597425143,2876768.55535082,5672879.415093334,256.1583696122311,361505981.3127703,168456445.11082914,4.0,4.0,0.0,0.0,0.0,1374399.7967453836,1543.3761930495405,39863.797025404456,58.10252197058928,0.0,0.0,0.0,0.0,0.6758118298085795,6.776141508312836
36,0.14,1.0766611460782238,0.9667631579056611,0.9581320527916716,0.9832836872927302,1.181162137990178,0.800664963938637,1.0890889730011177,6493.890478956647,10200.645913460381,851.1894335608897,1091.92169040152,0.11603576060298104,1.1782096709915095,0.004869667222169011,R3D_revised_uncertainty_lhs,r3d_097_lhs036_capfix0p14,xinwu_k100,k100,repday_opt,base_with_storage_degradation,baseline,0.119394864968747,min_cost,scipy-linprog-highs,optimal,41467909771934.55,41467909771934.45,False,load_shedding,33.46904850000283,2026-06-05T10:23:35.390205+00:00,f614d91,60bee1b0417946bf6d27ac13b3b99f53758f82743400fe67f43ae03aab31fc5b,4952.214834672848,854.8924043423413,8671.927169893272,34687.70867957309,0.0,0.0,11.5914666787243,3095.1617254287903,5660309.008980248,2945610.287523873,945713.0954571228,675811.8298085793,675811.8298085805,0.8806051350312527,0.7705698433119343,1.164153218269348e-09,1.722599645228302e-15,2998091154.013001,895895654.4304702,1028066815.1023896,5275293185.424654,1222704212.6921504,0.0,0.0,0.0,655442101.6728631,808477.5096772105,144679.04873537732,0.0,0.0,41455833325654.66,41467909771934.55,494386.8262026726,722415.6013969976,5160011.881135718,1982315.1146699812,3425454.9394291146,3524572.3999578,6950027.339386914,127.01085392076328,806451708.5372733,416252504.15487707,4.0,4.0,0.0,0.0,0.0,1038021.9043704768,1626.382472887065,3616.9762183844327,6.973318404612226,0.0,0.0,0.0,0.0,0.6758118298085805,41467.909771934545
37,0.14,1.0397623402991092,1.027059362724666,1.0522369096761481,1.2087574494527469,0.8095747632969708,1.1749568512391597,0.9949561926132731,5359.122004088028,9063.996220890438,864.924397926577,1441.7357533910654,0.06558215636954519,1.1087294822465616,0.00047350024379706724,R3D_revised_uncertainty_lhs,r3d_098_lhs037_capfix0p14,xinwu_k100,k100,repday_opt,base_with_storage_degradation,baseline,0.1353287209758137,min_cost,scipy-linprog-highs,optimal,12685636827.990284,12685636827.990267,True,,33.63367149999249,2026-06-05T10:24:20.955741+00:00,f614d91,4ab5aec05a6fb1a84ffb2458728657c6f5720733737f900b0028d1e5f6776eb6,5259.965232419489,1035.7563179948995,7994.220134754419,31976.880539017675,0.0,0.0,0.0,4525.066244903617,4993853.669313569,2500123.5466069225,666058.7338825045,675811.8298085793,675811.8298085791,0.8646712790241864,0.7296886264977719,0.0,0.0,2627948887.158427,993338656.2481254,963016539.9871304,6420979128.972446,839056512.7285105,0.0,0.0,0.0,841279564.9608785,0.0,17537.93476772226,0.0,0.0,0.0,12685636827.990284,852902.4915358498,640496.1964251709,5742753.374579762,1605544.443142225,3515706.9138394417,3427247.8693879186,6942954.78322736,133.97366361323324,455333946.2602984,383722566.46821207,4.0,4.0,0.0,0.0,0.0,1136229.130665771,1450.8853403645137,438.44836919305646,0.6411054480176012,0.0,0.0,0.0,0.0,0.675811829808579,12.685636827990283
38,0.14,0.9331770650300586,1.0261514714784516,0.9811311137692483,0.8484515453312157,1.0271923812704329,1.0186546318319591,1.037217973781815,4460.81213936479,10271.881281379472,827.3769682051718,1145.929948348103,0.07575700714880819,1.1562837664778909,0.05498544301556686,R3D_revised_uncertainty_lhs,r3d_099_lhs038_capfix0p14,xinwu_k100,k100,repday_opt,base_with_storage_degradation,baseline,0.1446418441410778,min_cost,scipy-linprog-highs,optimal,8941210339.730406,8941210339.730366,True,,30.500777999986894,2026-06-05T10:25:03.805939+00:00,f614d91,77a01ef7d654e737736a2182e3b94964a4e71b2edc21d6bf8cea4cddc8d9a4c9,5250.373983069677,724.9180062116218,5958.073810296033,23832.29524118413,0.0,0.0,0.0,3923.105503709491,4672312.039588071,2137096.4232014585,592078.3787983522,675811.8298085793,675811.829808581,0.8553581558589218,0.6837710163792297,1.746229827404022e-09,2.5838994678424525e-15,2183456627.821855,763726899.4466313,686576289.8929784,3803675290.2166414,731541433.3635969,0.0,0.0,0.0,770460826.4507973,0.0,1772972.5379039336,0.0,0.0,0.0,8941210339.730406,1160222.5068177104,618352.27610586,4978512.271684017,1376192.2424164782,2895300.1700498727,2986055.3274580147,5881355.497507887,156.61811510593978,445553890.46938735,285987542.8942096,4.0,4.0,0.0,0.0,0.0,1089933.1079479684,1580.1715872906182,44324.31344759834,65.68835160938333,0.0,0.0,0.0,0.0,0.675811829808581,8.941210339730405
39,0.14,1.0948106978686696,1.0170877343529625,0.9757500096598989,0.9091562486755586,1.1501381751162016,0.9675592532147115,0.8038395260015093,4581.672723785371,9179.434948301674,931.9827935087837,1295.1517530508436,0.09462920488788937,1.0012514572893298,0.1005525203566066,R3D_revised_uncertainty_lhs,r3d_100_lhs039_capfix0p14,xinwu_k100,k100,repday_opt,base_with_storage_degradation,baseline,0.1590814846909493,min_cost,scipy-linprog-highs,optimal,1776031624333.5093,1776031624333.5142,False,load_shedding,42.50690450001275,2026-06-05T10:25:59.099059+00:00,f614d91,c03edc1f846d9ea2dba83772aea24167151f456c5a8dc5ac410ec823ddb1cdd6,5210.844836484646,793.0884719241386,8681.444205638776,34725.776822555104,0.0,0.0,0.1300707954019141,3726.453903069356,4248211.733260424,2236741.5102900425,684286.7461865139,675811.8298085793,675811.8298085774,0.8409185153090512,0.6978587705823265,0.0,0.0,2225730623.9684434,767770764.9828049,1126884403.2242966,6264005389.313428,1086491584.412804,0.0,0.0,0.0,916373899.4439996,9072.131738194052,3491640.1657528924,0.0,0.0,1763640866955.866,1776031624333.5093,514446.77405438846,603915.9641414407,5544655.571639057,1839372.3242223167,3522710.185796636,3555255.473279311,7077965.659075947,127.97609580651984,669782262.5421426,416709321.87066126,4.0,4.0,0.0,0.0,0.0,1406373.0050783537,1675.5762598116578,87291.00414382231,143.03892515031842,0.0,0.0,0.0,0.0,0.6758118298085775,1776.0316243335092
40,0.14,0.934773981426309,1.1784676403867111,0.9837576458013205,1.2649016712996897,1.145911184113786,1.1948109634239423,1.1959750726031708,6208.938492040219,11449.734439072416,835.183095769055,1241.386597696877,0.0102190664031274,0.8683653251432764,0.07097256086859502,R3D_revised_uncertainty_lhs,r3d_101_lhs040_capfix0p14,xinwu_k100,k100,repday_opt,base_with_storage_degradation,baseline,0.1252273793088558,min_cost,scipy-linprog-highs,optimal,9180827174.460638,9180827174.460745,True,,41.69774120001239,2026-06-05T10:26:53.121254+00:00,f614d91,d686cc7c9e1164e7a4122d331248692b0dff555b6ebd6de169db2bd415c16f16,5895.605230402895,1054.1519329475814,4643.5950036652575,18574.38001466103,0.0,0.0,0.0,4601.5296254738405,5396677.895348937,3173090.159983948,548796.5198910593,675811.8298085793,675811.8298085802,0.8747726206911439,0.7870177663618613,9.313225746154783e-10,1.3780797161826417e-15,3412605995.3896813,1207715673.4499483,540151424.8052336,3211447850.786034,276734714.6352099,0.0,0.0,0.0,530600783.59664863,0.0,1570731.797879474,0.0,0.0,0.0,9180827174.460638,2200896.3250455144,1592161.5538611503,4710695.76486859,1643456.3138634155,2509955.160785817,2758838.7128697964,5268793.873655613,185.66156115925568,53842154.45927755,222892560.17593235,4.0,4.0,0.0,0.0,0.0,945252.3181129964,1099.2786720367471,39268.29494698685,67.43866829447269,0.0,0.0,0.0,0.0,0.6758118298085802,9.180827174460639
41,0.14,0.9154839520540167,0.8127783928133205,0.9959935481026212,1.2839631298916623,0.8684127162132629,0.8602316724178485,0.8531127539492865,4625.6253952869265,10098.555139356433,781.1430765820812,1078.812750444871,0.007139563351164727,1.0927552240185079,0.06803909657607483,R3D_revised_uncertainty_lhs,r3d_102_lhs041_capfix0p14,xinwu_k100,k100,repday_opt,base_with_storage_degradation,baseline,0.1792548295636312,min_cost,scipy-linprog-highs,optimal,8171624195.982697,8171624195.98269,True,,51.94263159998809,2026-06-05T10:27:57.456231+00:00,f614d91,699615149a62cf0d0fb914e223be6b6014a9b2dd5f8a45a9909a678a9597d69d,4175.187553420039,780.2876258919079,6123.766639311665,24495.06655724666,0.0,0.0,0.0,3312.977237887233,3770117.834223718,1714107.8616020028,592410.1855533889,675811.8298085793,675811.8298085798,0.8207451704363686,0.6057355286983125,4.656612873077393e-10,6.890398580913207e-16,1800473958.3151913,811481049.507784,666236950.4388572,3680477692.234514,334519773.7349362,0.0,0.0,0.0,876686148.64346,0.0,1748623.1079542255,0.0,0.0,0.0,8171624195.982697,525061.0521095674,343505.5274501776,4430514.446499221,1471525.072910061,2759170.43515523,2924506.990489623,5683677.425644853,149.23959196308206,40578975.04797628,293940798.6869599,4.0,4.0,0.0,0.0,0.0,1325145.1282964975,1784.5117457956887,43715.57769885564,72.9418689036842,0.0,0.0,0.0,0.0,0.6758118298085798,8.171624195982696
42,0.14,1.0522091709151427,0.8916997080606929,0.9011540797849956,1.1843427317137512,0.9050091716599405,0.9538500377501965,1.062010446945929,4505.574752270448,11645.939827269744,528.7806622496862,1276.788169587691,0.11878403656112425,0.930933262386984,0.05249726980705979,R3D_revised_uncertainty_lhs,r3d_103_lhs042_capfix0p14,xinwu_k100,k100,repday_opt,base_with_storage_degradation,baseline,0.1252844519301172,min_cost,scipy-linprog-highs,optimal,58801065814188.89,58801065814188.69,False,load_shedding,28.121777699998347,2026-06-05T10:28:37.704978+00:00,f614d91,d12c091a8312a7c1009985fadfa28e5ed3a86f0bb6c00c0240af3ddd2b69369f,4586.116616217771,987.3791515992436,8546.335561776532,34185.34224710613,0.0,0.0,0.7251870919660346,3674.251243790449,5394219.46935237,3171437.044847592,1049049.237357758,675811.8298085793,675811.82980858,0.8747155480698827,0.7869067491323772,6.984919309616089e-10,1.033559787136981e-15,1926352184.1461916,1146370549.668389,629411973.6830239,6079085860.487524,1189505898.5875585,0.0,0.0,0.0,499145699.13299656,50580.09227071194,1397339.720940928,0.0,0.0,58789594494103.375,58801065814188.89,288761.5676304805,440394.9050994468,4636232.704651767,1953141.2433571185,3152837.964583439,3407654.6250186963,6560492.589602135,124.60218331246789,779281791.6222847,410224106.9652735,4.0,4.0,0.0,0.0,0.0,1064488.784488449,1992.018333407765,34933.493023523195,68.64074100572735,0.0,0.0,0.0,0.0,0.67581182980858,58801.06581418889
43,0.14,1.002331268839128,1.061051758242146,1.0408168685863648,1.0082843132828283,0.9748105378051001,0.8946244466479807,0.8358319052840366,4745.795366101615,10490.014992753742,522.1510885318626,1154.7301219654905,0.04852421419194553,0.9661494101196554,0.01881346912571307,R3D_revised_uncertainty_lhs,r3d_104_lhs043_capfix0p14,xinwu_k100,k100,repday_opt,base_with_storage_degradation,baseline,0.1671082215771025,min_cost,scipy-linprog-highs,optimal,7626268369.080736,7626268369.080748,True,,39.928185400000075,2026-06-05T10:29:29.592399+00:00,f614d91,c90baad6ff855a63d2ee09bdef847210844309618fb8effbcd6d69c1e43d101b,5427.607014578833,673.8740280729158,4468.263797985092,17862.13614115165,0.0,0.0,0.0,3445.432809828645,4044156.675419855,1979814.4122890865,495487.1155378535,675811.8298085793,675811.8298085803,0.8328917784228973,0.6586488987989545,1.0477378964424131e-09,1.5503396807054717e-15,2401362914.8466654,721449161.7221168,324948463.7167322,2872720576.8568563,493706469.7222251,0.0,0.0,0.0,811313455.9796882,0.0,767326.236451988,0.0,0.0,0.0,7626268369.080736,1683096.089198029,431401.4565393033,5048906.89837082,1328150.0779801316,2696465.1791964024,3060677.7376027755,5757142.916799178,214.187549673261,279360836.02840537,214345633.69381976,3.997556310172724,4.0,0.0,0.0,0.0,1352542.5419113846,1610.3862896917767,19183.1559112997,24.40426709227361,0.0,0.0,0.0,0.0,0.6758118298085803,7.626268369080736
44,0.14,0.9791688767944953,0.8774404119289074,1.076226001458486,0.8549301926020572,1.1261768669130756,1.0893689819845234,0.9575289454111175,5211.062498398125,11247.816742281057,818.4536790703296,1086.0718303489825,0.08544345995116998,1.0953518598060632,0.08648349450055763,R3D_revised_uncertainty_lhs,r3d_105_lhs044_capfix0p14,xinwu_k100,k100,repday_opt,base_with_storage_degradation,baseline,0.1493201841787607,min_cost,scipy-linprog-highs,optimal,10143189713.131233,10143189713.131245,True,,42.109660899994196,2026-06-05T10:30:24.256400+00:00,f614d91,0d11dbe72129befe95f7e5b8e8b4ed437275dd793274eba992b3e4f375f49f45,4502.175098415432,735.080682807717,7483.501338045324,29934.00535218129,0.0,0.0,0.0,4195.444967552943,4525924.164408487,2160301.4869462918,666490.9621010551,675811.8298085793,675811.8298085793,0.8506798158212392,0.6871678171346919,0.0,0.0,2187202833.177319,830552808.1131668,853057766.1733611,4527963075.704883,901786034.9283056,0.0,0.0,0.0,839947345.0060152,0.0,2679850.028180676,0.0,0.0,0.0,10143189713.131231,647011.33069783,614707.0814007217,5127130.464306447,1602696.116965018,3176916.0175166284,3173224.4263770026,6350140.443893631,132.5091809901147,542577970.7021302,359208064.22617555,4.0,4.0,0.0,0.0,0.0,1180641.2904814302,1475.7608036836589,66996.25070451689,111.57325866048544,0.0,0.0,0.0,0.0,0.6758118298085793,10.143189713131232
45,0.14,0.9673029125604825,1.0953724998822214,1.0557213412381534,1.0325765464065773,1.178058984844984,1.1633535801044292,0.9089591399307986,4995.091318919829,11892.757089590508,875.348912486218,1464.347817364096,0.037502558777005396,0.9697258858738209,0.03691268855396851,R3D_revised_uncertainty_lhs,r3d_106_lhs045_capfix0p14,xinwu_k100,k100,repday_opt,base_with_storage_degradation,baseline,0.1592286367568749,min_cost,scipy-linprog-highs,optimal,7959789115.021752,7959789115.021704,True,,37.93344999998226,2026-06-05T10:31:14.499335+00:00,f614d91,e46f1c366396ec61b29449f3dd77a282b58ae83dab17b1917a4e2d9e9d535f57,5420.234459704614,488.4510003959403,3990.234916886471,15960.939667545885,0.0,0.0,0.0,4480.379011932588,4244285.72380778,2175820.4695142107,457290.0629058916,675811.8298085793,675811.829808579,0.8407713632431251,0.689399084493646,0.0,0.0,2524072944.1682177,576534032.4254619,486473464.97491175,3255233868.3702974,404261745.2370764,0.0,0.0,0.0,711792084.3342172,0.0,1420975.5115699978,0.0,0.0,0.0,7959789115.021752,1720391.0794265128,323008.30871660827,5098738.709926321,1218305.5973708504,2711119.689836016,2961305.7702891463,5672425.460125162,231.91818840015625,212730469.22652575,191531276.0105506,4.0,4.0,0.0,0.0,0.0,1243728.3042993243,1805.852303828917,35524.387789249944,49.07177957160226,0.0,0.0,0.0,0.0,0.6758118298085789,7.959789115021753
46,0.14,1.0435302134498368,0.8368162681627334,1.0671297114365519,0.9166487251554731,0.9111343243201486,1.12290907504892,0.8540143229272867,5182.7588321124895,11900.701579672248,633.1844801894775,1420.458967053169,0.05110472471740163,1.082141104419972,0.13576814459236397,R3D_revised_uncertainty_lhs,r3d_107_lhs046_capfix0p14,xinwu_k100,k100,repday_opt,base_with_storage_degradation,baseline,0.1570933671693498,min_cost,scipy-linprog-highs,optimal,21279800916685.535,21279800916685.688,False,load_shedding,40.28177939998568,2026-06-05T10:32:08.208203+00:00,f614d91,ad41555cafbd36cd95aa7621b218aedea7774b93b26cdbf2d83bc0ca29455838,4299.054304698538,803.8633360073231,8137.07011937201,32548.28047748804,0.0,0.0,0.0,4324.616641233182,4301975.582966787,2149207.238508228,784391.5784095426,675811.8298085793,675811.8298085815,0.8429066328306496,0.6855529714865167,2.211891114711761e-09,3.2729393259337735e-15,2077180934.8658824,949324680.7883388,717592374.6195171,6439264101.433731,728650958.347856,0.0,0.0,0.0,830055141.5274262,0.0,4245115.886879087,0.0,0.0,21268054603378.062,21279800916685.53,303735.03280094184,361002.23753448966,5163298.348229883,1600856.2882547714,3244679.4702807018,3370591.319014502,6615270.789295204,129.4458289949359,338071592.6179996,390579365.7298564,4.0,4.0,0.0,0.0,0.0,1323746.1942189962,1719.6464718262753,106127.89717197717,162.82442425559907,0.0,0.0,0.0,0.0,0.6758118298085815,21279.80091668553
47,0.14,0.9056260560408208,0.9741209952532319,0.9184240483512138,1.062385183630907,1.1107920714456296,0.9798035305514021,1.1854659943865458,4072.884702850643,10928.051371822625,952.1399619351362,1400.3530016283948,0.021419094929670774,1.1450264945301885,0.022994402717672526,R3D_revised_uncertainty_lhs,r3d_108_lhs047_capfix0p14,xinwu_k100,k100,repday_opt,base_with_storage_degradation,baseline,0.1304037331848051,min_cost,scipy-linprog-highs,optimal,5212479879694.657,5212479879694.719,False,load_shedding,30.668740099994466,2026-06-05T10:32:51.175784+00:00,f614d91,6f0e824935abb22f1ea6c48ed8c8062adad1c096eb4159cf360be4e125da91c4,4995.173170265459,892.2715883522984,7011.484303737145,28045.93721494858,0.0,0.0,0.0,3773.479747838908,5182457.689695389,2353963.3175850897,712677.1675019243,675811.8298085793,675811.8298085784,0.8695962668151951,0.7129046893976718,0.0,0.0,1896675617.1859405,985840179.6098888,929801525.7626636,5469995629.105245,460776925.0164469,0.0,0.0,0.0,701859159.2135903,0.0,705098.6430973819,0.0,0.0,5202034225560.12,5212479879694.657,896574.1885923267,966389.0127119452,4570505.174363704,1688417.614110116,2875709.699173142,2924053.495534982,5799763.194708124,130.32429051686546,124225678.43706396,336551246.57938296,4.0,4.0,0.0,0.0,0.0,953631.9178590298,1280.4580850078412,17627.466077434547,25.954366144053623,0.0,0.0,0.0,0.0,0.6758118298085783,5212.479879694657
48,0.14,1.0241224413227799,0.8595981162072578,1.0662561489093114,1.2716572440934861,1.005583656673754,0.9191326957704888,0.9314145377278448,5610.98419528034,10409.969413175308,774.3496154110537,1100.2750342990187,0.01797754755827175,1.170548152867127,0.02229908489749967,R3D_revised_uncertainty_lhs,r3d_109_lhs048_capfix0p14,xinwu_k100,k100,repday_opt,base_with_storage_degradation,baseline,0.1467685912968856,min_cost,scipy-linprog-highs,optimal,6213905090295.006,6213905090294.994,False,load_shedding,43.94161209999584,2026-06-05T10:33:47.428391+00:00,f614d91,0dda04efd0bcc73ae15b40499836f166cef450db12bdfb8794e86cdc58767470,4413.576404149656,1081.5891487095444,8320.442178850828,33281.76871540331,0.0,0.0,0.0,3539.8204894349124,4604608.001186965,2079006.534621755,710350.2360012454,675811.8298085793,675811.8298085819,0.8532314087031138,0.6749352065256802,2.561137080192566e-09,3.789719219502264e-15,2308713757.552708,1151176154.345695,897352318.2131221,5100199357.243216,517831021.0764657,0.0,0.0,0.0,906409806.3588736,0.0,716805.7885951689,0.0,0.0,6203022691074.427,6213905090295.006,671107.4280219738,942087.8555561207,4936967.151842334,1971201.2528381152,3251464.442827076,3337298.351858197,6588762.794685273,125.34258547058695,118449796.491626,399381224.5848397,4.0,4.0,0.0,0.0,0.0,1213743.3591506125,1486.078431158544,17920.14471487922,26.138782455972752,0.0,0.0,0.0,0.0,0.6758118298085819,6213.905090295006
49,0.14,1.0772204332188946,0.8865620507079689,0.9496661277089101,1.2492535155299498,0.9727351884450448,0.887932858389868,1.0672039495283754,6023.517749641601,9832.266126602797,546.6413852877437,1395.6289595280646,0.10999837995944771,0.9799960427395045,0.11705347978131429,R3D_revised_uncertainty_lhs,r3d_110_lhs049_capfix0p14,xinwu_k100,k100,repday_opt,base_with_storage_degradation,baseline,0.1217800159468873,min_cost,scipy-linprog-highs,optimal,53746439082583.555,53746439082583.29,False,load_shedding,35.07767420000164,2026-06-05T10:34:35.466094+00:00,f614d91,ea6437a7affe3148990c925ed01b0645e1d3381e38c67baa951760b79eb2770b,4547.606636978772,1085.8140647628966,8836.576367856254,35346.30547142502,0.0,0.0,4.509220845976961,3424.17097353355,5549447.703335211,3425661.825125528,1018618.123472188,675811.8298085793,675811.8298085793,0.8782199840531126,0.8027207984011044,0.0,0.0,2553721203.424147,1106602964.9410636,672769103.56628,6870581476.50928,1165230731.1013942,0.0,0.0,0.0,527197543.040722,314507.53741382755,2787756.4252036503,0.0,0.0,53733539877297.01,53746439082583.56,377937.2161204805,710231.7572548474,4768603.611644174,2118899.825318348,3261375.6639917544,3475769.607761345,6737145.2717531,122.91841966946367,741075065.444294,424155665.6571002,4.0,4.0,0.0,0.0,0.0,1059308.4951410657,1818.6869743579484,69693.91063009125,153.18695411103266,0.0,0.0,0.0,0.0,0.6758118298085793,53746.439082583565
50,0.14,0.9232858949678502,1.1204560992260024,1.0853676091374393,0.7771814688687531,1.195590426087716,0.8434868677044455,0.8966656059030584,6386.43003619926,10039.794897158088,917.9656168776003,1255.6319852807173,0.02730713876668612,1.0038913011170632,0.12981517949989343,R3D_revised_uncertainty_lhs,r3d_111_lhs050_capfix0p14,xinwu_k100,k100,repday_opt,base_with_storage_degradation,baseline,0.1691068968324728,min_cost,scipy-linprog-highs,optimal,7096789226.374626,7096789226.374639,True,,40.48875369998859,2026-06-05T10:35:29.114143+00:00,f614d91,0bacccbf07c7a8919deb417f7f6b6cbc9651e151c9b35fe00b83131f09ff7da9,4864.328432571654,406.9948383352189,3315.949799037424,13263.799196149695,0.0,0.0,0.0,3248.488613895458,3996358.767543809,2085183.0166677912,372152.73233551614,675811.8298085793,675811.8298085782,0.8308931031675274,0.6758980749380198,0.0,0.0,2896152626.744476,421394399.6903617,423949235.9520872,2319582393.9786696,306679868.4164023,0.0,0.0,0.0,725109856.8392028,0.0,3920844.75342612,0.0,0.0,0.0,7096789226.374626,1283800.44377722,216261.0182145809,5007802.82811348,1087128.990268507,2651115.4725532765,2750925.338934775,5402040.811488051,259.2512614837131,147514278.06260592,159165590.35379636,4.0,4.0,0.0,0.0,0.0,1260780.1641337017,2124.384667128661,98021.118835653,169.34204053504715,0.0,0.0,0.0,0.0,0.6758118298085782,7.096789226374626
51,0.14,0.9233958489441978,1.1919561666739107,1.0159684263952826,1.2177958802712276,0.9958312921145065,1.0065992576412168,0.9430992463485268,4814.3506090915325,11297.045735325522,683.3110419907093,1380.780907893399,0.11295551929924226,1.0842423416335103,0.1438847272439116,R3D_revised_uncertainty_lhs,r3d_112_lhs051_capfix0p14,xinwu_k100,k100,repday_opt,base_with_storage_degradation,baseline,0.1607617440320542,min_cost,scipy-linprog-highs,optimal,7458606678.919044,7458606678.919084,True,,37.858799400011776,2026-06-05T10:36:20.328850+00:00,f614d91,de3df10265019a167ffb4ab4d4151cfc3df97c81ebf6f232eba96dd916d29de2,5329.674383300688,506.886448808682,3422.7306487429514,13690.922594971806,0.0,0.0,0.0,3876.6771035834113,4203810.01635457,2144155.747324041,392159.0823349828,675811.8298085793,675811.8298085795,0.8392382559679457,0.6848121547830612,2.3283064365386963e-10,3.4451992904566037e-16,2392097008.2795296,574672785.8933278,325739674.24755204,2632915878.742965,761645279.4149369,0.0,0.0,0.0,767106699.7123854,0.0,4429352.628346968,0.0,0.0,0.0,7458606678.919044,1427854.1147859138,251180.5200695845,5024860.690589652,1100890.509261378,2578224.458529499,2710177.6663172017,5288402.124846701,247.4429359596769,597354208.2752752,164291071.13966167,4.0,4.0,0.0,0.0,0.0,1198705.4534934117,1474.091688747179,110733.8157086742,179.30315075280024,0.0,0.0,0.0,0.0,0.6758118298085796,7.458606678919043
52,0.14,1.0406038101924617,1.128685011019106,0.9104122608362385,1.23466947119864,0.9564011287075662,0.8474230865823494,1.098749773313313,4777.1462760630575,11463.631023634991,646.725252475663,1115.7792581193428,0.08036248782076605,1.1602541522816538,0.030988492371313407,R3D_revised_uncertainty_lhs,r3d_113_lhs052_capfix0p14,xinwu_k100,k100,repday_opt,base_with_storage_degradation,baseline,0.1224457871817675,min_cost,scipy-linprog-highs,optimal,14235191797678.312,14235191797678.275,False,load_shedding,36.36474499999895,2026-06-05T10:37:09.227852+00:00,f614d91,68133b994aa285a3e9281158b58512ca534d5e1f470c897bbdd740c0dd801988,5789.010796968675,922.2240947129984,8348.61431317273,33394.45725269092,0.0,0.0,0.89380583758391,3264.5418284876446,5519273.838350637,2625338.454939012,769239.2869048774,675811.8298085793,675811.8298085816,0.8775542128182321,0.7425810647243648,2.3283064365386963e-09,3.445199290456604e-15,2578180358.622297,1057571762.894552,751992851.8022875,5189579488.8669815,953419079.1220669,0.0,0.0,0.0,722896390.8039124,62340.85277846143,1123379.781588314,0.0,0.0,14223936972025.566,14235191797678.312,768260.9627525442,585838.4144310496,5512381.052780968,1776703.9348867352,3467382.5375325894,3410025.1569932527,6877407.694525843,127.64188422011536,552685592.0897757,400733487.032291,4.0,4.0,0.0,0.0,0.0,1028895.056218722,1224.2545418573804,28084.494539707848,41.00003867919882,0.0,0.0,0.0,0.0,0.6758118298085816,14235.191797678313
53,0.14,0.9903412484032112,0.9458239755297759,0.9384519074180833,0.8866696352579359,1.0652267116046004,1.18384237650094,1.1719362386289132,4166.068731760943,9918.536557029853,553.82161448065,1005.8830918921475,0.08234212251316925,1.1048612074100879,0.04823173252965413,R3D_revised_uncertainty_lhs,r3d_114_lhs053_capfix0p14,xinwu_k100,k100,repday_opt,base_with_storage_degradation,baseline,0.1206255161394025,min_cost,scipy-linprog-highs,optimal,34387467369534.41,34387467369534.47,False,load_shedding,27.438362699991558,2026-06-05T10:37:49.149027+00:00,f614d91,a5b17617b0cb7ba7f0e01df09dd2628d09a5047e92f0276f9582bd1639e202a3,4856.230916998792,766.9800759216988,7857.831761633442,31431.327046533766,0.0,0.0,0.0,4559.286727458289,5602561.144920349,2623061.9289168403,916660.4957612364,675811.8298085793,675811.8298085788,0.8793744838605975,0.7423576537182076,0.0,0.0,1886106260.284921,786840690.8335793,606110939.8127337,4403416047.531596,906447563.8931096,0.0,0.0,0.0,580880195.1293967,0.0,1241781.1595678637,0.0,0.0,34378296326055.77,34387467369534.41,449808.0592663669,521706.4586412888,4981106.040147765,1666706.047403089,3193478.928135903,3234235.383576868,6427714.311712771,128.6230843351211,529271639.3347043,377175924.5584052,4.0,4.0,0.0,0.0,0.0,964641.3964518337,1621.5802372343176,31044.52898919659,64.69197404632625,0.0,0.0,0.0,0.0,0.6758118298085788,34387.46736953441
54,0.14,0.9167816090159643,0.98932360440253,0.9775573655157037,0.8644214719036049,0.8268648579358047,1.1552650026274915,1.048113951643752,5865.152912647065,10895.744282195586,686.1431074088582,1484.0354436555529,0.04041312142159368,0.9444853403073108,0.06661548638586876,R3D_revised_uncertainty_lhs,r3d_115_lhs054_capfix0p14,xinwu_k100,k100,repday_opt,base_with_storage_degradation,baseline,0.1456980178201126,min_cost,scipy-linprog-highs,optimal,10700952380.474852,10700952380.47483,True,,32.03597210001317,2026-06-05T10:38:33.831608+00:00,f614d91,7e1c62f49408afb21879ec6464f6553d7e36e90f01b24b31822b84e027e68f1b,5065.441936277016,746.6939014931625,6393.497942126517,25573.99176850607,0.0,0.0,0.0,4449.2277838074215,4638442.169082741,2750119.7190200835,625058.7606454247,675811.8298085793,675811.8298085755,0.8543019821798882,0.7542609417566086,0.0,0.0,2769727717.4334297,823109299.1911324,610988069.3836975,5285940736.417164,546842196.7322385,0.0,0.0,0.0,662202400.5135255,0.0,2141960.8036657404,0.0,0.0,0.0,10700952380.474852,797425.8444388395,419310.5661852817,5103513.853044165,1234478.804778697,2975564.8179706507,2961969.504284212,5937534.322254863,144.77450035448837,239954295.5101657,306887901.22207284,4.0,4.0,0.0,0.0,0.0,1078602.3867066589,1623.41187213832,53549.02009164351,81.99028701010961,0.0,0.0,0.0,0.0,0.6758118298085755,10.70095238047485
55,0.14,0.9459304138959557,1.069559285580256,1.0466942886851687,0.7278540678633167,1.1719931113658562,0.9973122659640938,0.9819111143686671,5290.930832614878,9116.828534552458,580.5138705281286,1314.8341853302086,0.05200227777747794,0.9104028453223677,0.13219278045656913,R3D_revised_uncertainty_lhs,r3d_116_lhs055_capfix0p14,xinwu_k100,k100,repday_opt,base_with_storage_degradation,baseline,0.1507289476476686,min_cost,scipy-linprog-highs,optimal,7885857646.245955,7885857646.245967,True,,37.74886870000046,2026-06-05T10:39:24.745585+00:00,f614d91,a69b1d83c7200cf026602a7b2c96f5ed41295d91e3657f0afcda18154a85d00d,5424.752218189709,638.1207405361836,4225.368007006705,16901.47202802682,0.0,0.0,0.0,3840.910468825268,4483623.354077284,2440868.4060763004,494284.11745068815,675811.8298085793,675811.8298085796,0.8492710523523314,0.723126479032539,3.4924596548080444e-10,5.167798935684905e-16,2675792219.2407355,614624864.7927295,341630499.46458864,3095102337.787875,478528857.8529935,0.0,0.0,0.0,676326414.7650299,0.0,3852452.342003559,0.0,0.0,0.0,7885857646.245955,1870528.4423073824,710498.8306855848,4895928.821784611,1292731.9140805306,2501757.579199427,2800148.5160770672,5301906.095276494,207.0935383197488,275711193.51667166,202817664.33632183,4.0,4.0,0.0,0.0,0.0,1151324.3849066468,1411.2110493079638,96311.30855008896,151.11912065943577,0.0,0.0,0.0,0.0,0.6758118298085797,7.885857646245955
56,0.14,1.0659354441025446,0.9516108286503229,0.9464268701032011,1.1512497128348613,0.9416797747347122,0.9916356913048596,1.0812508415715325,6448.089605065072,10665.700754065747,737.7809320191145,1308.321954741154,0.019354019750492234,1.1326806845167683,0.060629693377359725,R3D_revised_uncertainty_lhs,r3d_117_lhs056_capfix0p14,xinwu_k100,k100,repday_opt,base_with_storage_degradation,baseline,0.1214704538519338,min_cost,scipy-linprog-highs,optimal,44452274933102.42,44452274933102.22,False,load_shedding,30.755607500002952,2026-06-05T10:40:08.834977+00:00,f614d91,c70eb9d69ad39640a1a9583660345910358965ebd02bd700b54eaa049d001966,4887.669725740386,996.1219399618066,8552.25836395554,34209.03345582216,0.0,0.0,0.0,3819.048494617376,5563590.226083776,2889279.0298114954,963059.2797863293,675811.8298085793,675811.8298085802,0.878529546148066,0.766096724187739,9.313225746154783e-10,1.3780797161826417e-15,2938145589.877548,1080137621.0706851,878795317.7657939,6233542549.331862,542324500.1044909,0.0,0.0,0.0,624642539.5717087,0.0,1649279.5274229306,0.0,0.0,44439975695705.17,44452274933102.42,428373.96027105,597022.5013001688,5084150.077817177,1915551.1776664527,3346509.4103766857,3464277.203152141,6810786.613528826,126.58488318684664,131816098.63462505,410508401.46986586,4.0,4.0,0.0,0.0,0.0,1045546.6634739408,1745.3720227314373,41231.98818557327,80.80908872469956,0.0,0.0,0.0,0.0,0.6758118298085802,44452.274933102424
57,0.14,0.9430282331759712,0.9067241908674842,1.094111829400009,0.7190048549007706,1.077397947906284,1.0261575107473115,0.8095450701875005,5414.349277748612,10192.411691687837,810.9706550227113,1166.3437594793727,0.09227151464777726,0.9553653392151941,0.07621972482458374,R3D_revised_uncertainty_lhs,r3d_118_lhs057_capfix0p14,xinwu_k100,k100,repday_opt,base_with_storage_degradation,baseline,0.1833843702822758,min_cost,scipy-linprog-highs,optimal,7439321662.573343,7439321662.57343,True,,33.1676054999989,2026-06-05T10:40:54.710645+00:00,f614d91,351970e511edadb3e6c4e9f4f35def2acb2a64cc522d401216115bf50540b7c6,4530.847063047297,496.9961493430112,4079.19725309678,16316.789012387118,0.0,0.0,0.0,3952.0010534342778,3685220.440369758,1981258.8371156456,493974.4070545304,675811.8298085793,675811.8298085793,0.8166156297177242,0.6588977587641002,0.0,0.0,2286999490.570423,520513469.0367395,460743631.75696045,2650579062.4670305,692484473.0432881,0.0,0.0,0.0,825178605.2658381,0.0,2822930.4330631862,0.0,0.0,0.0,7439321662.573343,1153928.1761285078,275068.80196047894,4753557.79964653,1159205.5268499523,2538562.9586145477,2844279.2629594896,5382842.221574037,217.8951432172267,496683004.8946427,195801468.14864543,4.0,4.0,0.0,0.0,0.0,1396461.113056581,1839.3269401280495,70573.26082657966,101.29185065858158,0.0,0.0,0.0,0.0,0.6758118298085793,7.439321662573343
58,0.14,1.0558306669923345,0.9185361162630149,1.080451950025738,1.2544080631573575,0.9481319438981978,0.8137510895633208,0.9689293792703437,5156.102436001471,9293.215290211941,636.7635572239687,1364.6990857724718,0.003157408150712162,0.9221958804541844,0.12054384863223676,R3D_revised_uncertainty_lhs,r3d_119_lhs058_capfix0p14,xinwu_k100,k100,repday_opt,base_with_storage_degradation,baseline,0.1368489968878302,min_cost,scipy-linprog-highs,optimal,9692467898243.473,9692467898243.523,False,load_shedding,28.93259240000043,2026-06-05T10:41:36.218307+00:00,f614d91,f5468dca7008aa0c93d8aba6c75297afd52f5adcdd4be8cb17b2ba4a30a1edfd,4714.138400980351,1071.1288252333443,8423.219803532342,33692.87921412937,0.0,0.0,4.653801940910935,3138.622154270647,4938376.20426634,2513667.4730441254,731886.170111526,675811.8298085793,675811.8298085802,0.8631510031121695,0.7311450949436235,9.313225746154783e-10,1.3780797161826417e-15,2266022730.319539,1046469012.2772652,747026191.968751,6404047151.644823,425855269.3091158,0.0,0.0,0.0,665948928.1002449,324591.72838106484,3205861.6678124154,0.0,0.0,9680908998506.455,9692467898243.473,773303.7857458896,776316.848558332,5296426.162591587,1943962.7411736625,3400203.5599389905,3422075.255900782,6822278.815839773,126.95840099299484,21540718.739563417,404314550.5695524,4.0,4.0,0.0,0.0,0.0,1166749.85191886,1508.2426541191824,80146.54169531038,146.43418519673762,0.0,0.0,0.0,0.0,0.6758118298085802,9692.467898243473
59,0.14,1.008209921877624,0.9949205685133651,0.9722122597201696,1.0286362639231394,0.8413869970305411,0.904302179068033,0.8771350623734835,4392.987867224223,11044.482809070509,732.778837781716,1032.7450563019956,0.03494999016807147,1.1886363936085707,0.08346007819177913,R3D_revised_uncertainty_lhs,r3d_120_lhs059_capfix0p14,xinwu_k100,k100,repday_opt,base_with_storage_degradation,baseline,0.1583108159587945,min_cost,scipy-linprog-highs,optimal,9581131910.290434,9581131910.290495,True,,44.9291434000188,2026-06-05T10:42:33.598552+00:00,f614d91,d9d907379f78516c869c0529a3071810f989035e9832f2a43956489f3ec918d0,5107.831241226619,714.69232799951,7594.753086973969,30379.01234789588,0.0,0.0,0.0,3482.7042894195797,4268892.341408188,1893778.9447903447,651604.9215214094,675811.8298085793,675811.8298085793,0.8416891840412054,0.6431411217937072,0.0,0.0,2091880830.858658,796148417.3217076,775114877.8070717,4369646157.056924,601799874.1891807,0.0,0.0,0.0,943731260.3328764,0.0,2810492.72401536,0.0,0.0,0.0,9581131910.290434,418279.9705783853,175920.15601530988,5499505.484354314,1434792.1381910974,3435094.263734955,3353225.98681468,6788320.250549635,137.97461337839263,237251726.01443017,364548148.17475057,4.0,4.0,0.0,0.0,0.0,1288853.0606956172,1735.9140513244554,70262.318100384,106.49233906250312,0.0,0.0,0.0,0.0,0.6758118298085793,9.581131910290434
